Sector: ,SCC: ,SCC Descriptions: ,NOX (kg) Emissions,PM25-PRI (kg) Emissions,SO2 (kg) Emissions,VOC (kg) Emissions,Deaths from NOX to TotalPop,Deaths from PM25-PRI to TotalPop,Deaths from SO2 to TotalPop,Deaths from VOC to TotalPop,Deaths from NOX to WhiteNoLat,Deaths from PM25-PRI to WhiteNoLat,Deaths from SO2 to WhiteNoLat,Deaths from VOC to WhiteNoLat,Deaths from NOX to Black,Deaths from PM25-PRI to Black,Deaths from SO2 to Black,Deaths from VOC to Black,Deaths from NOX to Native,Deaths from PM25-PRI to Native,Deaths from SO2 to Native,Deaths from VOC to Native,Deaths from NOX to Asian,Deaths from PM25-PRI to Asian,Deaths from SO2 to Asian,Deaths from VOC to Asian,Deaths from NOX to Other,Deaths from PM25-PRI to Other,Deaths from SO2 to Other,Deaths from VOC to Other,Deaths from NOX to Latino,Deaths from PM25-PRI to Latino,Deaths from SO2 to Latino,Deaths from VOC to Latino,Deaths from NOX to Poverty,Deaths from PM25-PRI to Poverty,Deaths from SO2 to Poverty,Deaths from VOC to Poverty,Deaths from NOX to TwoXPov,Deaths from PM25-PRI to TwoXPov,Deaths from SO2 to TwoXPov,Deaths from VOC to TwoXPov
np_oilgas,2310021400,"""Industrial Processes;Oil and Gas Production: SIC 13;Natural Gas; Gas well dehydrators""",3.410568791650443e+07,2.0287782446450354e+06,201575.11553614342,5.3227180538217284e+07,62.76355669341158,21.954609694056415,1.2275355231840377,19.71619407644695,48.12921858775685,15.711022785639567,0.8336373936219921,13.479042470047913,7.013979164282002,3.332991636268824,0.19170240411902217,2.5943072868344834,0.6598809146386618,0.21602556685168195,0.0059847657641154605,0.23683102304071352,1.3240857461838658,0.5327412025168602,0.04847548309075517,0.36707695708125454,1.4496585093151237,0.5288463443390958,0.02516478430482473,0.40763805322010443,4.1867337965893086,1.6329821638708895,0.12257069276307316,2.6312982770936504,9.37766231299125,3.4999933254611446,0.1740644918200499,3.122624086864438,39.32922915984279,13.562833474194905,0.8051679362815353,12.096515249531247
np_oilgas,2310021251,"""Industrial Processes;Oil and Gas Exploration and Production;On-Shore Gas Production;Lateral Compressors 4 Cycle Lean Burn""",9.505266755077863e+06,112031.2842646424,6585.1980505313595,1.1117229892808e+06,16.220653275278938,1.3435336403821807,0.0371330236763545,0.5663555659100262,12.674025453975235,0.9740457837402036,0.025497039426510756,0.44708053769925016,1.5727694620957315,0.17693458215686164,0.005812938903623258,0.052878537204337724,0.1766075553773734,0.010494238837725567,0.0001832952947125279,0.006503734330695139,0.34654139276654755,0.042706362387565894,0.0014289147751668668,0.011257916070716663,0.39171865744257817,0.03086362347371648,0.0007864512334609358,0.013532293031677798,1.0589907701222703,0.10848905108342996,0.0034243840720554935,0.035102548203313585,2.348120610618907,0.19250295957793603,0.005129392995132211,0.08365851287435648,10.27591787701516,0.8700150569834171,0.024571204005430242,0.3555920218108233
np_oilgas,2310023601,"""Industrial Processes;Oil and Gas Exploration and Production;Coal Bed Methane Natural Gas;Venting - Initial Completions""",0,0,0,8.504216788648952e+06,0,0,0,2.5312810962279255,0,0,0,1.9004950908778768,0,0,0,0.12822726237464796,0,0,0,0.012987995571716749,0,0,0,0.04635316534946112,0,0,0,0.05069431262753925,0,0,0,0.39252326306830154,0,0,0,0.325384416033512,0,0,0,1.6767663585331538
np_oilgas,2310000230,"""Industrial Processes;Oil and Gas Exploration and Production;All Processes;Workover Rigs""",5.147003647455002e+06,127980.0499294389,48382.98447304399,267891.27981956373,10.780588747065735,3.143033476817995,0.4138873036329225,0.1630135904863502,8.181185542092392,2.1092351439487547,0.2555072738375021,0.1282227592011615,0.9741987884861814,0.395234007861074,0.057803539368267175,0.013071081475964018,0.019898375626436718,0.00477164780630723,0.0007203124956884435,0.0003478527113827734,0.39813181569214007,0.16934131214144674,0.026350190339049694,0.004895039905543595,0.18544104637030392,0.05843336905006891,0.008122785850876701,0.0027685450682262518,1.0217331812316597,0.40601799832809116,0.06538320191068873,0.013708312224668182,1.3001574687707542,0.396440272269485,0.052573304012459326,0.01971511675930195,7.380502311076089,2.1630640140695605,0.28757133640469934,0.11069939969424407
np_oilgas,2310023030,"""Industrial Processes;Oil and Gas Exploration and Production;Coal Bed Methane Natural Gas;Tank Truck/Railcar Loading: Condensate""",,,,12021.457610506499,0,0,0,0.005901707933999395,0,0,0,0.004651352085641031,0,0,0,0.0004559848199278905,0,0,0,0.00018699763240656461,0,0,0,7.837976472817784e-05,0,0,0,0.0002308868353206867,0,0,0,0.00029810681378417635,0,0,0,0.0008915497123807906,0,0,0,0.0036433010127732354
np_oilgas,2310021101,"""Industrial Processes;Oil and Gas Exploration and Production;On-Shore Gas Production;Natural Gas Fired 2Cycle Lean Burn Compressor Engines < 50 HP""",113418.12293697841,5260.557944846256,84.2185534205854,23451.160872490593,0.12708122166637892,0.044171434518816693,0.00026447476109206405,0.011709560931852119,0.07765802742157828,0.021030964369509225,0.00015728948281902734,0.005104035099222282,0.01344082293433478,0.005389600978828799,3.404183230638615e-05,0.0011022702493412796,0.0012456906482847972,0.0002593704195041288,2.2628473962474418e-06,6.0450763742320125e-05,0.003307153517108109,0.001526593395564599,7.340093468645555e-06,0.00032153856581296203,0.0025627994934250588,0.0007215163642859704,5.5105752536655775e-06,0.0001605146781140135,0.028866727507885933,0.015243388941089396,5.8029929667117793e-05,0.004960751554918566,0.02068610925281145,0.008000347405336044,4.266450480521677e-05,0.0022451071915074693,0.07608245587338935,0.025756860819344148,0.0001601870700408758,0.0066136050564945485
np_oilgas,2310121401,"""Industrial Processes;Oil and Gas Exploration and Production;Off-Shore Oil Exploration;Oil Well Pneumatic Pumps""",112308.595815,,,9.944569218642195e+07,0.09822801814591431,0,0,41.65070766818486,0.08069068174146915,0,0,28.555323471035127,0.006468469862235751,0,0,4.673103509625516,0.0010167265895680952,0,0,0.40822796361704244,0.0017801531327682235,0,0,0.794921421418993,0.0016611805445049352,0,0,0.8372744538742424,0.006610806262842418,0,0,6.38185685127631,0.012754297353467163,0,0,6.7164734740082475,0.06446279614755017,0,0,25.26848668056658
np_oilgas,2310121700,"""Industrial Processes;Oil and Gas Exploration and Production;Off-Shore Oil Exploration;Oil Well Completion: All Processes""",941041.4551857378,30328.101735000004,1.4904451892222217e+06,1.1929386222068701e+07,0.891644296030902,0.11439010518362504,9.255828719936563,6.0672013887177805,0.7234147895261085,0.08664579582919449,6.08442351166549,3.9916006953287613,0.06736984366634836,0.01124380449378672,1.8059741345919134,0.6866492357403764,0.009097366074271064,0.0013799481745951235,0.02181251518546604,0.06675141526900887,0.01623459383780329,0.00303171177305524,0.3806943660139629,0.12356582909207749,0.015891494165990214,0.002151083180508695,0.18972410385002692,0.11240566278605625,0.0596362087783997,0.009937761706746477,0.7732001020243184,1.086228554763628,0.11869370061891987,0.015374899752649515,1.1682579875342396,0.9883228390862853,0.5804118907465328,0.07553373048799411,6.3422636932923595,3.670098095230087
np_oilgas,2310021010,"""Industrial Processes;Oil and Gas Exploration and Production;On-Shore Gas Production;Storage Tanks: Condensate""",541309.2054270202,0,23820.863729999997,3.217614645419842e+08,0.6621697645795198,0,0.04961320046962259,176.8178254399356,0.5180103505828519,0,0.03680026039337195,91.48712290528272,0.06164708821390762,0,0.005761741810158132,23.276445205769903,0.00827288701576644,0,0.0002887281792474326,1.3937740755274841,0.01150334170439239,0,0.0015770613055326242,4.453446034028336,0.01521692874104169,0,0.0009214899980065289,3.005337578807357,0.04751916856605514,0,0.004263918801674371,53.201699423751194,0.09463024836469741,0,0.006692603761915978,31.739694702113944,0.4189677701316766,0,0.03299582099553713,102.98359633959087
np_oilgas,2310022420,"""Industrial Processes;Oil and Gas Exploration and Production;Off-Shore Gas Production;Dehydrator""",0,0,0,602.2097058003001,0,0,0,0.0005979668022045209,0,0,0,0.00025351835654936744,0,0,0,0.00011657577081662699,0,0,0,1.7006175764872882e-06,0,0,0,1.996429451026215e-05,0,0,0,7.687840001305302e-06,0,0,0,0.00019851992234399865,0,0,0,0.00010437177266757671,0,0,0,0.00034742011629468653
np_oilgas,2310111700,"""Industrial Processes;Oil and Gas Exploration and Production;On-Shore Oil Exploration;Oil Well Completion: All Processes""",386021.61686648795,10328.301225000001,380003.60145152354,2.769844572490343e+07,0.3805588234624627,0.040368595370953136,1.4188831163897013,12.629649848523753,0.30987095454968444,0.030588374970525974,0.9185349884617476,7.825231980817574,0.02729196010191512,0.003984424423609968,0.2392369613833191,1.4102467159226688,0.004714673887606968,0.0005610022440342051,0.007517128381986537,0.1454891153520351,0.0069865838219541005,0.0011069884301285033,0.047642480653710684,0.24251730411389624,0.0073514789407266995,0.0007513936991759293,0.025967720219353882,0.27457455365209005,0.024343172181493497,0.003376411601232025,0.17998383695192077,2.7315901633216746,0.050244777278508714,0.005405389505671682,0.21694413264641635,2.0467524431369104,0.24825194985946158,0.02669747178426101,0.897861474379416,7.466310130778974
np_oilgas,2310021504,"""Industrial Processes;Oil and Gas Exploration and Production;On-Shore Gas Production;Fugitives:  Pumps""",0,0,0,482268.8939063955,0,0,0,0.31234829034165074,0,0,0,0.17207657574125373,0,0,0,0.03542160977642237,0,0,0,0.002407283051652381,0,0,0,0.007064033958833253,0,0,0,0.005566477627038427,0,0,0,0.08981230983948543,0,0,0,0.05438527816540705,0,0,0,0.18305069049820477
np_oilgas,2310021403,"""Industrial Processes;Oil and Gas Exploration and Production;On-Shore Gas Production;Nat Gas Fired 4Cycle Rich Burn Compressor Engines 500+ HP w/NSCR""",1.5623821248534372e+07,105754.99013442821,6534.525421097002,327927.86438419647,16.190916697632627,1.6652015123712063,0.0259361056027483,0.2633228065533525,9.896553659416044,0.8675491585967318,0.01604871316698033,0.1210483636307907,1.5643385145974795,0.21658996998440977,0.0037236896308736173,0.025847749212141953,0.177287988585441,0.011543947178166156,0.0002959790659306611,0.001541266844048116,0.28089407669473604,0.04941896471271332,0.0006413165119055781,0.006624896707800997,0.33446662176844205,0.031366963124400495,0.0006072906931042615,0.004210814194892258,3.9373758212924774,0.4887325086320061,0.004619116516898873,0.10404971585530592,2.7889718437182207,0.29776735832125306,0.004240169590921604,0.05079131630900288,9.447476013471238,0.9692490575747881,0.015597195634879532,0.14865950192870167
np_oilgas,2310012516,"""Industrial Processes;Oil and Gas Exploration and Production;Off-Shore Oil Production;Fugitives; Other: Oil""",0,0,0,0.11660105050469999,0,0,0,5.945852787031898e-08,0,0,0,2.7051882687000285e-08,0,0,0,6.557499492899751e-09,0,0,0,1.8501015262909017e-10,0,0,0,1.2899364376056027e-09,0,0,0,8.990423867964046e-10,0,0,0,2.347515653310091e-08,0,0,0,1.023312456896234e-08,0,0,0,3.465868994580886e-08
np_oilgas,2310022502,"""Industrial Processes;Oil and Gas Exploration and Production;Off-Shore Gas Production;Fugitives; Flanges: Gas Streams""",0,0,0,0.66146645847375,0,0,0,6.568041877945663e-07,0,0,0,2.7846256656384734e-07,0,0,0,1.2804686897648217e-07,0,0,0,1.8679357581808998e-09,0,0,0,2.1928938669119186e-08,0,0,0,8.44428541457701e-09,0,0,0,2.1805359196586577e-07,0,0,0,1.1464132825864274e-07,0,0,0,3.816050983936598e-07
np_oilgas,2310022506,"""Industrial Processes;Oil and Gas Exploration and Production;Off-Shore Gas Production;Fugitives; Other: Gas""",0,0,0,37.1653192119,0,0,0,3.690345159664266e-05,0,0,0,1.5645852859547064e-05,0,0,0,7.194454886622037e-06,0,0,0,1.0495342204534923e-07,0,0,0,1.2320936940141611e-06,0,0,0,4.7445407166830017e-07,0,0,0,1.2251642637659716e-05,0,0,0,6.4412924664392375e-06,0,0,0,2.144099135381589e-05
np_oilgas,2310021501,"""Industrial Processes;Oil and Gas Exploration and Production;On-Shore Gas Production;Fugitives: Connectors""",0,0,0,8.958720113082847e+06,0,0,0,4.498891208593573,0,0,0,3.3316481627394046,0,0,0,0.48266950593569186,0,0,0,0.061126017792605,0,0,0,0.0774201591294465,0,0,0,0.11676868392409892,0,0,0,0.42925868108343646,0,0,0,0.7430640995371811,0,0,0,2.698793037224851
np_oilgas,2310022000,"""Industrial Processes;Oil and Gas Production: SIC 13;Natural Gas : Off-shore;Total: All Processes""",69818.90623338,285.11481009015,127.30340224889997,1701.72377714355,0.11550661449697741,0.005189507457852182,0.0007401058355833106,0.0016897333849006534,0.059139678856687354,0.0021366897174938575,0.00034217041113988547,0.0007163915971940402,0.01902952094008737,0.0010659007980405553,0.00011199868089199939,0.0003294193827780058,0.000600691507570385,1.5928176718938264e-05,2.9639812106406006e-06,4.8056014479124926e-06,0.003996951564323602,0.00019632828222964472,3.087365795452742e-05,5.641504569439136e-05,0.0018225560190322583,7.038531283441885e-05,1.1420653629676248e-05,2.1724280790107434e-05,0.03091721537623275,0.0017042751663430057,0.00024067844954001177,0.0005609774758475503,0.0181137433883656,0.0009236805743903745,0.00012231476971572095,0.00029493356160341686,0.07013248037995057,0.0030083568752075768,0.0004470080847648579,0.00098173904665908
np_oilgas,2310023202,"""Industrial Processes;Oil and Gas Exploration and Production;Coal Bed Methane Natural Gas;CBM Fired 4Cycle Lean Burn Compressor Engines 50 To 499 HP""",2.8905424682777957e+06,34082.80437225001,2006.6558779974373,369933.666314943,4.424352311753993,0.4105276960472813,0.008598182325318145,0.22012219092813884,3.169011964723996,0.2626367400841151,0.005882982024143603,0.1468122682661874,0.8197976459506006,0.10717792485818271,0.001853217132503637,0.05146163918057792,0.05216300011199319,0.004377888736034369,5.51778431842078e-05,0.003240821104669844,0.05664961765964223,0.006446978261250177,0.0001532423551858418,0.002738194794729861,0.09139914843453778,0.007030781980949581,0.00015741659372491451,0.0037615533167537725,0.23533094003094662,0.022857383093278158,0.000496146385068645,0.012107714734978042,0.7766617325321563,0.07485010482288353,0.0014397435411166567,0.04071660791046414,2.5817533085413538,0.23843102051751136,0.0051822209994607914,0.1260514297336823
np_oilgas,2310011504,"""Industrial Processes;Oil and Gas Exploration and Production;On-Shore Oil Production;Fugitives:  Pumps""",0,0,0,4.0593015173506993e+06,0,0,0,2.103804949641006,0,0,0,1.2347683052315819,0,0,0,0.20353643249181935,0,0,0,0.02029784141666326,0,0,0,0.04030347129658212,0,0,0,0.04297635745275672,0,0,0,0.5619225389145301,0,0,0,0.34361601625284005,0,0,0,1.2336993112610222
np_oilgas,2310000000,"""Industrial Processes;Oil and Gas Production: SIC 13;All Processes;Total: All Processes""",9.836734446243977e+06,7360.588125034979,10475.772610060301,4.840924307477372e+06,10.345901958875688,0.042202503630161564,0.022594988519622237,4.247624622541559,8.17094108384376,0.03050231697211252,0.016867780988615154,2.2032490051361524,0.6333223512854645,0.0031461690632807776,0.002508748446132774,1.5291137294389574,0.0643444461157166,0.0003058139842866848,9.727606456926376e-05,0.024588906795847187,0.18049576458367816,0.0010310097314551437,0.0005665186053119852,0.08856086184908209,0.18707079363077644,0.0008685152031635149,0.0004397595186414949,0.06927279834377166,1.109727506960367,0.0063486785798075275,0.0021149048988930532,0.3328393132386593,1.3737544305009233,0.005717627965445074,0.00317634935121849,0.9321632147656149,6.752720129964249,0.02795159681311012,0.014712248846635863,2.3309923573594906
np_oilgas,2310011500,"""Industrial Processes;Oil and Gas Exploration and Production;On-Shore Oil Production;Fugitives: All Processes""",,,,2.40446662695e+06,0,0,0,0.45957710911792476,0,0,0,0.36112147014151,0,0,0,0.02521794434000195,0,0,0,0.007042463357504104,0,0,0,0.007950365163965759,0,0,0,0.009761327610500435,0,0,0,0.048483537118922615,0,0,0,0.05969701563852792,0,0,0,0.30396459932246767
np_oilgas,2310122100,"""Industrial Processes;Oil and Gas Exploration and Production;Off-Shore Gas Exploration;Mud Degassing""",0,0,0,25.2736842201,0,0,0,2.5095604420084633e-05,0,0,0,1.0639714693058108e-05,0,0,0,4.892476685558234e-06,0,0,0,7.137189691324922e-08,0,0,0,8.378655776560107e-07,0,0,0,3.226449617474115e-07,0,0,0,8.33153058809255e-06,0,0,0,4.380298348317903e-06,0,0,0,1.4580604061841013e-05
np_oilgas,2310021011,"""Industrial Processes;Oil and Gas Exploration and Production;On-Shore Gas Production;Condensate Tank Flaring""",266624.48377349996,0.362874,,5506.703668499999,0.2839785152860768,1.4187888598787757e-06,0,0.0011357335712000771,0.2221299440480332,1.004421638711688e-06,0,0.0007993628770792204,0.018217844176316833,1.2574173787686618e-07,0,6.671497200804003e-05,0.0015456073602315744,4.271615107780441e-08,0,4.509794234826446e-05,0.005442298978889033,2.343382276695562e-08,0,1.3838724550655701e-05,0.005533388810033088,2.990717083561653e-08,0,2.249471745404501e-05,0.03110943175919275,1.925683414537677e-07,0,0.00018822433983538387,0.03829609077090851,2.1324187483379612e-07,0,0.00017012766114256887,0.18530897467766724,8.853197522808965e-07,0,0.0007010379948181313
np_oilgas,2310000330,"""Industrial Processes;Oil and Gas Production: SIC 13; Artificial lift""",7.026603344685178e+07,729361.4956653651,25198.221544136115,2.1888672428665822e+06,116.86642169340598,6.724533719772554,0.09202464031510364,0.6982759024248706,88.4403090686507,4.653364488829376,0.06603183589811,0.5084574529499954,12.24557639700258,0.8789833005555201,0.012265758467403376,0.0688590341445987,1.2776703970097993,0.058868428404759476,0.0006417722547460176,0.008558628121568712,1.9716076572654277,0.15176116947589546,0.002387330766677598,0.011742851767971617,2.6929382842289953,0.15063016469694804,0.0019718331369568613,0.015127196290754073,10.238320015288418,0.830926170439567,0.00872610983201239,0.0855307391837928,17.65146799213121,1.0403131291068117,0.013606336371294731,0.10420213140732405,72.39094317698459,4.188819021908573,0.05865496379667623,0.43479875356171827
np_oilgas,2310021505,"""Industrial Processes;Oil and Gas Exploration and Production;On-Shore Gas Production;Fugitives:  Valves""",0,0,0,3.781823345822783e+07,0,0,0,18.08191115411565,0,0,0,13.191181024999954,0,0,0,1.9834373042720557,0,0,0,0.2344825848091901,0,0,0,0.3097240829055461,0,0,0,0.43638186292337533,0,0,0,1.9267043035882434,0,0,0,2.978126137000766,0,0,0,10.871568142239845
np_oilgas,2310021201,"""Industrial Processes;Oil and Gas Exploration and Production;On-Shore Gas Production;Natural Gas Fired 4Cycle Lean Burn Compressor Engines <50 HP""",22928.08020115649,17.049043522043984,2.34144469159324,572.8608352050555,0.04639605552773664,0.00020519326056077142,1.2409563436369137e-05,0.00038891070692604837,0.030862948818293733,0.00012432262443198274,7.600027638142689e-06,0.0002441802570445056,0.006829640936644611,3.420599374848428e-05,2.061385423465538e-06,6.243897369613364e-05,0.0005835808292111641,1.8714682502867378e-06,1.3024362443069645e-07,3.4074402529787712e-06,0.0007631978590396648,4.760527457827636e-06,3.067124946498108e-07,6.916402295992554e-06,0.0010128287230179859,4.112430195873216e-06,2.739792037634476e-07,7.138703742260452e-06,0.006343858316802489,3.5920216233599414e-05,2.037215038202185e-06,6.482892952252674e-05,0.007839218393252953,3.4360546108802e-05,2.0716383753204577e-06,6.533830463131482e-05,0.026970216735471005,0.00012095003529131417,7.3806835217197935e-06,0.00022625066189141228
np_oilgas,2310021401,"""Industrial Processes;Oil and Gas Exploration and Production;On-Shore Gas Production;Nat Gas Fired 4Cycle Rich Burn Compressor Engines <50 HP w/NSCR""",0,0,0,0,0,0,0,0,0,0,0,0,0,0,0,0,0,0,0,0,0,0,0,0,0,0,0,0,0,0,0,0,0,0,0,0,0,0,0,0
np_oilgas,2310023010,"""Industrial Processes;Oil and Gas Exploration and Production;Coal Bed Methane Natural Gas;Storage Tanks: Condensate""",156.688647562515,,0,138651.5106835695,0.00031768552857874464,0,0,0.05971086428908035,0.00025210060545562704,0,0,0.046028425960531694,2.7413021124487742e-05,0,0,0.005007081667497839,7.332243254287134e-06,0,0,0.001963638988506599,4.534119882196363e-06,0,0,0.0007883053817882301,1.0359971044829244e-05,0,0,0.002101060024649885,1.5945568503763312e-05,0,0,0.0038223524539844583,4.809545197959791e-05,0,0,0.009090559683733472,0.00019641213411257532,0,0,0.03679917417011357
np_oilgas,2310023512,"""Industrial Processes;Oil and Gas Exploration and Production;Coal Bed Methane Natural Gas;Fugitives: Flanges""",,,,179067.98944595252,0,0,0,0.1338821789502589,0,0,0,0.08868525239218286,0,0,0,0.03553164894721222,0,0,0,0.000807039277167079,0,0,0,0.001685182983554173,0,0,0,0.0018642574773830446,0,0,0,0.005308798122323189,0,0,0,0.02525049758777971,0,0,0,0.07610781501977129
np_oilgas,2310023302,"""Industrial Processes;Oil and Gas Exploration and Production;Coal Bed Methane Natural Gas;CBM Fired 4Cycle Rich Burn Compressor Engines 50 To 499 HP""",1.2691204473549737e+07,136652.4692787453,4139.699786443461,184557.51493235517,18.033633816218273,1.6952674158584433,0.01788503622320853,0.11090063531108355,12.864683956099944,1.0735170778694023,0.012135781100810481,0.07352409247245376,3.4975219133316777,0.46270698433438606,0.0039990188063577506,0.02690479699667683,0.1552779114401666,0.01498514627083464,9.698177631404317e-05,0.0014209609108410104,0.22922048611283252,0.02648473727246755,0.00032001925972371145,0.0013723072859717022,0.3128748257663627,0.025807202659339466,0.0003089086053565057,0.0016504717857015211,0.9740547468409808,0.09176627163488334,0.0010243266934751684,0.006028006112931051,3.1484271848022756,0.31043650446025234,0.003002810426715614,0.020549833110743054,10.558702848011878,0.9834036456498487,0.01077556190007705,0.0635154280563725
np_oilgas,2310020600,"""Industrial Processes;Oil and Gas Production: SIC 13;Natural Gas; Compressor engines""",1.224171309927556e+07,184759.9241171486,3429.539003524144,4.484379445690416e+06,14.096420803934937,4.363312289650078,0.03733573062208631,1.3461325205868881,10.997860228079247,3.063121196648714,0.023708988749498765,0.9976941016310793,1.1885210915609377,0.543909021608423,0.005688636808366068,0.09513292191772724,0.0819670805187644,0.008196552027730238,6.104406599445847e-05,0.03178196561754596,0.3303985565605222,0.19814183094176993,0.002164829790543626,0.026251024296052243,0.26873421190750896,0.0824618409576237,0.0007268189429703776,0.025026763286574993,1.2289396446695378,0.4674818532236344,0.004985412284336166,0.17024574588373592,1.857182616129259,0.5467262345516316,0.004655058295271818,0.18453203996027198,9.243665568614993,3.0004541614653872,0.025999920771404596,0.8687154678867974
np_oilgas,2310020800,"""Industrial Processes;Oil and Gas Production: SIC 13;Natural Gas; Gas well truck loading""",0,0,0,1.7108300857493086e+06,0,0,0,0.5465869812251288,0,0,0,0.39888894105255857,0,0,0,0.02904014817761434,0,0,0,0.002695165426977045,0,0,0,0.009344965432415163,0,0,0,0.009895371917017105,0,0,0,0.09672238703758304,0,0,0,0.07330590869881314,0,0,0,0.35584100471430374
np_oilgas,2310012522,"""Industrial Processes;Oil and Gas Exploration and Production;Off-Shore Oil Production;Fugitives; Flanges: Oil/Water""",0,0,0,0.00816412250337,0,0,0,4.153521642730699e-09,0,0,0,1.887086837984705e-09,0,0,0,4.5759265889055975e-10,0,0,0,1.2921150019559531e-11,0,0,0,9.013739051874192e-11,0,0,0,6.279232687318984e-11,0,0,0,1.642991265818829e-09,0,0,0,7.149698324221638e-10,0,0,0,2.4208119271605195e-09
np_oilgas,2310011201,"""Industrial Processes;Oil and Gas Exploration and Production;On-Shore Oil Production;Tank Truck/Railcar Loading: Crude Oil""",0,0,0,3.514808992058318e+07,0,0,0,12.848185664677533,0,0,0,7.787611422293516,0,0,0,1.2411258154783311,0,0,0,0.13300190767718933,0,0,0,0.28564081448222967,0,0,0,0.25462629721938024,0,0,0,3.1461793961488747,0,0,0,2.0219533548043787,0,0,0,7.67279707149634
np_oilgas,2310023606,"""Industrial Processes;Oil and Gas Exploration and Production;Coal Bed Methane Natural Gas;Mud Degassing""",,,,13755.283280999998,0,0,0,0.007871768521122707,0,0,0,0.006294147183372166,0,0,0,0.0010718548090106767,0,0,0,2.630085683211272e-05,0,0,0,9.616096503279262e-05,0,0,0,0.00011473628907815133,0,0,0,0.0002685683995027794,0,0,0,0.0014624823122436016,0,0,0,0.004443183253041047
np_oilgas,2310021203,"""Industrial Processes;Oil and Gas Exploration and Production;On-Shore Gas Production;Natural Gas Fired 4Cycle Lean Burn Compressor Engines 500+ HP""",2.508737409836597e+06,21517.539666478675,4388.2690641407125,1.0655081139969137e+06,4.366862207870825,0.36863974514810277,0.016787044346409007,1.185851717365416,2.619562876180899,0.18235987022287783,0.010438989575089161,0.5652554481883646,0.49780487766895115,0.04364589355474593,0.002320476593853538,0.1296787143896877,0.048385315255170924,0.002419522157936225,0.00020505459135423002,0.0071211854960610685,0.09985630825073524,0.011386763682517903,0.00041873637374022725,0.03360279395062056,0.09420644359512197,0.00676690564919133,0.0004066557034219449,0.020041670942209516,1.0070463848998294,0.12206078996178538,0.0029971315004608348,0.4301519045465365,0.7485582001633087,0.06781915916875138,0.0027303145670704216,0.22410516666788835,2.5691359078194935,0.21296421763714926,0.01012726556883936,0.6762943135188981
np_oilgas,2310002305,"""Industrial Processes;Oil and Gas Exploration and Production;Off-Shore Oil And Gas Production;Flares: Flaring Operations""",259299.91230808292,0.6894606,0.043316072520855,9837.275645107731,0.27576932308654506,2.779991654234524e-06,2.5182635235254173e-07,0.002155914087028133,0.21572252721136118,1.994382314895112e-06,1.1642514073181234e-07,0.001554415770673005,0.017690622748834157,2.437996917926874e-07,3.810860528477681e-08,0.00012022706919055654,0.0015041902185204878,6.704459648078386e-08,1.0084735888345852e-09,7.142763879014618e-05,0.005283369204837033,4.638123159285833e-08,1.0504934035734991e-08,2.561350877279859e-05,0.005370736469462939,5.892651871087049e-08,3.8859206677478064e-09,4.248714914568527e-05,0.030197877087857594,3.6945730436691163e-07,8.189327762971537e-08,0.0003417429533187039,0.03719323404698586,4.123267423005787e-07,4.161856209532329e-08,0.00031434422065650775,0.17995054743353758,1.7379085622795141e-06,1.5209747684560124e-07,0.001337357987611901
np_oilgas,2310011600,"""Industrial Processes;Oil and Gas Exploration and Production;On-Shore Oil Production;Artificial Lift Engines""",25683.7136964,47.482062899999995,0,1041.629817,0.01911196087429949,0.000189755078970086,0,0.000219687300948739,0.01501739435691219,0.00013595674733732786,0,0.0001582644546889501,0.0014361161129347096,1.6110097986654035e-05,0,1.2081306043488835e-05,0.00018235799822782984,5.167207972665298e-06,0,9.223454166649778e-06,0.0002741171735355186,3.2563527290549426e-06,0,2.522682058428667e-06,0.0003989201070813495,4.110182781506674e-06,0,4.466885590626237e-06,0.0018030551282774677,2.515449019404661e-05,0,3.31285181677213e-05,0.0027734912471985246,2.832815053902678e-05,0,3.301667932372799e-05,0.011884570552649416,0.00011892543383962223,0,0.00013567165248141237
np_oilgas,2310000220,"""Industrial Processes;Oil and Gas Production: SIC 13; Drill rigs""",6.865999706804162e+07,1.785942396766332e+06,517913.30617070704,3.87133199108846e+06,98.63009698446447,16.23775170383031,1.9418076086503286,1.8881415591511888,70.26061207095772,9.847880708670132,1.3100568073542038,1.1933601548536032,10.235705841001828,2.2238111985377254,0.2506681377645363,0.21444348574543062,1.0069180614158146,0.14744381423993683,0.0073776906823307415,0.016340658869649183,2.259665607467899,0.4247198403491813,0.08575687308280365,0.04368252756738954,2.0833680977978744,0.33276933091187005,0.03855660449220115,0.03566940483635087,12.783827259685188,3.261126801803934,0.2493914956623672,0.3846453258404778,14.610141547744512,2.6795842105519174,0.2634527007961874,0.3015880642996095,61.95558485681992,9.844888676870497,1.2987754932379567,1.1545906967773725
np_oilgas,2310023515,"""Industrial Processes;Oil and Gas Exploration and Production;Coal Bed Methane Natural Gas;Fugitives:  Valves""",,,,3.164305428666048e+06,0,0,0,2.292281683847809,0,0,0,1.536799639304038,0,0,0,0.5679991947978571,0,0,0,0.02235049068422689,0,0,0,0.02914261270836267,0,0,0,0.04142663836279477,0,0,0,0.09456311168443547,0,0,0,0.43012861414265496,0,0,0,1.3039449365268228
np_oilgas,2310111100,"""Industrial Processes;Oil and Gas Exploration and Production;On-Shore Oil Exploration;Mud Degassing""",,,,4.4315235118338585e+07,0,0,0,17.36314173329537,0,0,0,11.962840039394628,0,0,0,1.5589862671854136,0,0,0,0.2499529665140999,0,0,0,0.28196491371471505,0,0,0,0.42394640518882,0,0,0,2.8854511532330225,0,0,0,2.7323509977282416,0,0,0,10.459071315713993
np_oilgas,2310011100,"""Industrial Processes;Oil and Gas Exploration and Production;On-Shore Oil Production;Heater Treater""",1.0285009417137772e+07,768691.7665637692,20518.146706845713,552152.0660686479,13.980685880763138,6.713500264706752,0.0682870863981451,0.28185628151435976,9.675870905920068,3.997139847235372,0.04606560173419008,0.1673329139737229,1.3155641420322806,0.7232654929272854,0.008586545784742746,0.026312645884331177,0.1912330312994024,0.06516738926507415,0.0007558523454619791,0.0026694573522764342,0.23841238764783648,0.1518067797588925,0.001556827104291911,0.005270591159035652,0.3405669468143106,0.1465167066678421,0.0016468721322162427,0.005744668615470811,2.2190384602144286,1.6296040397979394,0.0096753872966292,0.07452600407114629,2.190043830501485,1.0921045331846666,0.010635007690391218,0.04573907558265684,8.398431463329194,4.012022351784869,0.04201051104152354,0.1658778339574193
np_oilgas,2310023509,"""Industrial Processes;Oil and Gas Exploration and Production;Coal Bed Methane Natural Gas;Fugitives""",0,0,0,1.1537708049431399e+07,0,0,0,3.5905878019439106,0,0,0,2.6453946240184476,0,0,0,0.19533346772286175,0,0,0,0.01711734522741409,0,0,0,0.06245727343197507,0,0,0,0.0651790514261442,0,0,0,0.6051060266562636,0,0,0,0.4732178243829567,0,0,0,2.3499715459542023
np_oilgas,2310021502,"""Industrial Processes;Oil and Gas Exploration and Production;On-Shore Gas Production;Fugitives: Flanges""",0,0,0,3.433014684448011e+06,0,0,0,1.7335418184772706,0,0,0,1.1562533018693892,0,0,0,0.20215261729638054,0,0,0,0.01669794390089227,0,0,0,0.033594113968333415,0,0,0,0.03474641769014812,0,0,0,0.2900974238013655,0,0,0,0.2866826495129789,0,0,0,1.0408298250028285
np_oilgas,2310012521,"""Industrial Processes;Oil and Gas Exploration and Production;Off-Shore Oil Production;Fugitives; Connectors: Oil/Water Streams""",0,0,0,0.02041115084766,0,0,0,1.0400834278604831e-08,0,0,0,4.730337456452566e-09,0,0,0,1.146492119257452e-09,0,0,0,3.2367815489562664e-11,0,0,0,2.256184653191409e-10,0,0,0,1.572457438994475e-10,0,0,0,4.1087726466119345e-09,0,0,0,1.7901067664562261e-09,0,0,0,6.062435252789979e-09
np_oilgas,2310030210,"""Industrial Processes;Oil and Gas Production: SIC 13;Natural Gas Liquids; Gas well tanks - Flashing & Standing/Working/Breathing""",,,,8.079930482768849e+07,0,0,0,25.174166873812297,0,0,0,18.401489397113682,0,0,0,1.350173688971274,0,0,0,0.12641683534321532,0,0,0,0.43226449354161706,0,0,0,0.4542183110383553,0,0,0,4.409604048939661,0,0,0,3.3898632037110557,0,0,0,16.377946586886225
np_oilgas,2310021310,"""Industrial Processes;Oil and Gas Exploration and Production;On-Shore Gas Production;Gas Well Pneumatic Pumps""",0,0,0,4.636300330103548e+06,0,0,0,1.2641156305628432,0,0,0,0.9387102704163114,0,0,0,0.07068011959679465,0,0,0,0.024992131653444785,0,0,0,0.02059414044096326,0,0,0,0.024387369854095522,0,0,0,0.18475159625908105,0,0,0,0.1762283363082621,0,0,0,0.8103006830274335
np_oilgas,2310021103,"""Industrial Processes;Oil and Gas Exploration and Production;On-Shore Gas Production;Natural Gas Fired 2Cycle Lean Burn Compressor Engines 500+ HP""",10010.275291284552,887.9300997619956,12.78368342428351,4825.173156188177,0.018762958130235152,0.011677853030516515,7.247302397796651e-05,0.0036067436413092296,0.01336197724707938,0.006834941055651665,4.3107087677819865e-05,0.0022038603076068373,0.0019173902847569814,0.0017954122169244946,1.1159801993500282e-05,0.0005300349699622021,0.0003324867113879898,9.800540616947752e-05,7.298905188487724e-07,2.8031874075458822e-05,0.0003163655040865105,0.0003222439368377227,2.059926204134279e-06,7.697913915158031e-05,0.0005125679215889109,0.00023813165159871635,1.6272371393063924e-06,6.693875007659036e-05,0.0023221704909419986,0.0023891187481233033,1.3789080385171143e-05,0.0007008985948360921,0.00291122642935566,0.0019248672746240915,1.1881385136921023e-05,0.0005930638932287925,0.01139045359531091,0.006950727359439449,4.350951267709546e-05,0.002124014883337327
np_oilgas,2310022010,"""Industrial Processes;Oil and Gas Exploration and Production;Off-Shore Gas Production;Storage Tanks: Condensate""",0,0,0,142.05527361165,0,0,0,0.0001410543606933458,0,0,0,5.980242384201026e-05,0,0,0,2.7499036028776085e-05,0,0,0,4.011585366256246e-07,0,0,0,4.709374028961745e-06,0,0,0,1.8134838712322877e-06,0,0,0,4.682888428985749e-05,0,0,0,2.46202556438925e-05,0,0,0,8.195291005082771e-05
np_oilgas,2310022090,"""Industrial Processes;Oil and Gas Exploration and Production;Off-Shore Gas Production;Boilers/Heaters: Natural Gas""",713.7151163037,13.5003028795755,4.260971396729699,39.06526397295,0.001163320342432587,0.00024075947386022515,2.4463783242766305e-05,3.8068928755877586e-05,0.0005964211925559722,9.927912167606909e-05,1.1317781657953824e-05,1.616359760449088e-05,0.00019002271929620916,4.910615982373289e-05,3.673558807693925e-06,7.357203415860397e-06,6.097433960176663e-06,7.434921649195884e-07,9.8641243141336e-08,1.0847219128489052e-07,3.990694769968561e-05,9.060043324552645e-06,1.0119051632770494e-06,1.2621038138181287e-06,1.842609707910761e-05,3.27553461578682e-06,3.7845347834082474e-07,4.911621430026118e-07,0.00031244594945897445,7.929512205595686e-05,7.98344285209746e-06,1.2686389559751653e-05,0.0001825455729042616,4.2837670811387784e-05,4.0446712535489115e-06,6.642860266452967e-06,0.0007060770806378093,0.00013958462047801762,1.4770082003069632e-05,2.211959127329704e-05
np_oilgas,2310030300,"""Industrial Processes;Oil and Gas Exploration and Production;Natural Gas Liquids;Gas Well Water Tank Losses""",,,,977.3104004999999,0,0,0,0.00031051376675957543,0,0,0,0.00022769697689971154,0,0,0,1.654122462903711e-05,0,0,0,1.501732874816859e-06,0,0,0,5.179822274907837e-06,0,0,0,5.505998762442325e-06,0,0,0,5.4088009942516924e-05,0,0,0,4.19033077306262e-05,0,0,0,0.0002019954018251108
np_oilgas,2310002411,"""Industrial Processes;Oil and Gas Exploration and Production;Off-Shore Oil And Gas Production;Pressure/Level Controllers""",0,0,0,28.976214648000003,0,0,0,2.4500340177872595e-05,0,0,0,1.0527278333275269e-05,0,0,0,4.3945327847501675e-06,0,0,0,7.088848645528853e-08,0,0,0,7.652591764668432e-07,0,0,0,3.252049175216422e-07,0,0,0,8.417176452138583e-06,0,0,0,4.265378519017418e-06,0,0,0,1.4243378753971543e-05
np_oilgas,2310023511,"""Industrial Processes;Oil and Gas Exploration and Production;Coal Bed Methane Natural Gas;Fugitives: Connectors""",,,,850168.74638462,0,0,0,0.6170111043639311,0,0,0,0.4154575857350225,0,0,0,0.14921509187922702,0,0,0,0.006832145009935832,0,0,0,0.00787385967396453,0,0,0,0.012161476340481458,0,0,0,0.025470946657163325,0,0,0,0.1156793599534737,0,0,0,0.3508820868010211
np_oilgas,2310011020,"""Industrial Processes;Oil and Gas Exploration and Production;On-Shore Oil Production;Storage Tanks: Crude Oil""",0,0,0,3.2432655831367195e+08,0,0,0,127.39726867405962,0,0,0,76.57153030667509,0,0,0,12.342923685573231,0,0,0,1.2281218944336711,0,0,0,2.7601358406790393,0,0,0,2.5525625588076823,0,0,0,31.94199427693525,0,0,0,20.201478285192845,0,0,0,75.65062309407502
np_oilgas,2310012511,"""Industrial Processes;Oil and Gas Exploration and Production;Off-Shore Oil Production;Fugitives; Connectors: Oil Streams""",0,0,0,0.023249558533139997,0,0,0,1.184969625377502e-08,0,0,0,5.389833233233764e-09,0,0,0,1.306399687739772e-09,0,0,0,3.686447661270977e-11,0,0,0,2.5706768993760393e-10,0,0,0,1.7915771361051794e-10,0,0,0,4.680373416688001e-09,0,0,0,2.039426833886772e-09,0,0,0,6.907112232852146e-09
np_oilgas,2310023516,"""Industrial Processes;Oil and Gas Exploration and Production;Coal Bed Methane Natural Gas;Fugitives:  Other""",,,,1.6875532556908578e+06,0,0,0,1.3098556985588377,0,0,0,0.8652834836920107,0,0,0,0.35470382193830696,0,0,0,0.006491654616500621,0,0,0,0.01647008767710852,0,0,0,0.017412227375512356,0,0,0,0.04949442568544332,0,0,0,0.24806663078695607,0,0,0,0.7433679024444663
np_oilgas,2310021100,"""Industrial Processes;Oil and Gas Production: SIC 13;Natural Gas; Gas well heaters""",3.568485337937105e+07,2.6912955504914057e+06,18616.392512433507,1.9347812022958454e+06,54.414362549748056,24.794397064846052,0.06731292594367896,0.9515958425179134,39.894313898900386,16.560263290321124,0.046884534610776574,0.6392844320995094,6.713376868385967,3.728039612034834,0.008467437941382092,0.1292445515106023,0.641618589774335,0.2334688347586186,0.00023325133823702792,0.010462725445803794,0.9072959165590457,0.5491365698023722,0.0027633235786217823,0.01650381343975039,1.2520553111743744,0.5460344023905023,0.0013012221224990494,0.020401763540815427,5.005701978084717,3.1774543519092906,0.007663156370927545,0.13569855625369562,8.656007527797621,4.069628030969501,0.008980785878420943,0.16117344641563652,33.01149704324627,15.064202365942231,0.04523667181772648,0.5647562385993993
np_oilgas,2310021030,"""Industrial Processes;Oil and Gas Exploration and Production;On-Shore Gas Production;Tank Truck/Railcar Loading: Condensate""",0,0,0,1.4528588898912592e+07,0,0,0,8.064618019668943,0,0,0,4.457145640145797,0,0,0,0.915903443555773,0,0,0,0.0941740730851723,0,0,0,0.18213003284785803,0,0,0,0.17232381506948888,0,0,0,2.2429410085383505,0,0,0,1.4258076349468034,0,0,0,4.708208667704966
np_oilgas,2310021402,"""Industrial Processes;Oil and Gas Exploration and Production;On-Shore Gas Production;Nat Gas Fired 4Cycle Rich Burn Compressor Engines 50 To 499 HP w/NSCR""",845543.303375231,54392.160562586556,3174.730274578058,27755.47869361649,2.291952443822301,1.3529479167586478,0.0184749469304876,0.03971291662162416,1.4002007573941027,0.6982450060527379,0.01078883887148418,0.02132038612896049,0.3115445450263795,0.2067564679223303,0.0028446509715910565,0.005735059541819135,0.024461447815721356,0.008261957468666831,0.00019112880119219222,0.00024250266794148494,0.06755320067159944,0.05548654176152351,0.000597817534541419,0.0014658769469040275,0.049775541366371676,0.02502058778885234,0.0004118942203994812,0.0007212699480399887,0.4384169496567771,0.3591773549987808,0.0036406165140544654,0.010227821361587501,0.36762758198742335,0.2264326831390952,0.0029963224885633287,0.00653298448198786,1.388330086749352,0.8146014199941859,0.01120612480595578,0.024019832626523685
np_oilgas,2310012526,"""Industrial Processes;Oil and Gas Exploration and Production;Off-Shore Oil Production;Fugitives; Other: Oil/Water""",0,0,0,68.6013297,0,0,0,3.498484564618808e-05,0,0,0,1.5917839797910364e-05,0,0,0,3.858307307525402e-06,0,0,0,1.088785895703862e-07,0,0,0,7.590227169625863e-07,0,0,0,5.290041009844065e-07,0,0,0,1.3811793027152879e-05,0,0,0,6.0209375860039734e-06,0,0,0,2.0393166321954784e-05
np_oilgas,2310021604,"""Industrial Processes;Oil and Gas Exploration and Production;On-Shore Gas Production;Gas Well Venting - Compressor Startups""",,,,979660.0096499999,0,0,0,0.19089618619730048,0,0,0,0.1488640518791556,0,0,0,0.0110752934967269,0,0,0,0.001838930631352141,0,0,0,0.003448523278584733,0,0,0,0.003994290188782801,0,0,0,0.02167509621807205,0,0,0,0.025192271018709852,0,0,0,0.12592888597666774
np_oilgas,2310121100,"""Industrial Processes;Oil and Gas Exploration and Production;On-Shore Gas Exploration;Mud Degassing""",,,,1.6205668888373433e+07,0,0,0,10.92420870792164,0,0,0,6.385395877852824,0,0,0,1.235221085596862,0,0,0,0.10085861408434842,0,0,0,0.25175937074530197,0,0,0,0.2216237737520648,0,0,0,2.729349987232477,0,0,0,1.868411718749238,0,0,0,6.476013743874939
np_oilgas,2310022051,"""Industrial Processes;Oil and Gas Exploration and Production;Off-Shore Gas Production;Turbines: Natural Gas""",4941.432521948999,29.369678926200002,54.0333538086,32.4200340576,0.008175002123087758,0.0005345711560924557,0.0003141347401122051,3.2191601131681254e-05,0.004185621617384852,0.0002201003617958372,0.0001452327575755306,1.3648185176802334e-05,0.0013468203700931992,0.00010979840907206606,4.753736998529642e-05,6.275865575746705e-06,4.251400673180055e-05,1.6407613776500285e-06,1.2580487688447046e-06,9.155292126463703e-08,0.00028288526668780457,2.0223774260481066e-05,1.310419354040073e-05,1.0747794959469245e-06,0.00012899168939287437,7.250390045074001e-06,4.847446973625415e-06,4.138756199705708e-07,0.0021881691563035923,0.00017555745910955356,0.0001021549227521454,1.0687342320067367e-05,0.001282003129878549,9.514834229746462e-05,5.1915977923156075e-05,5.618864748994753e-06,0.0049636400476729195,0.00030989082787236555,0.0001897306606580981,1.8703395731191418e-05
np_oilgas,2310012512,"""Industrial Processes;Oil and Gas Exploration and Production;Off-Shore Oil Production;Fugitives; Flanges: Oil""",0,0,0,0.0023245113326639997,0,0,0,1.1791567799746436e-09,0,0,0,5.347484327338289e-10,0,0,0,1.2976429173224445e-10,0,0,0,3.676510969664762e-12,0,0,0,2.562607443687734e-11,0,0,0,1.7819044141890882e-11,0,0,0,4.675224223608316e-10,0,0,0,2.0301026250023253e-10,0,0,0,6.871972162889248e-10
np_oilgas,2310021506,"""Industrial Processes;Oil and Gas Exploration and Production;On-Shore Gas Production;Fugitives:  Other""",0,0,0,3.406815064178441e+07,0,0,0,16.4999392951544,0,0,0,11.58320184114366,0,0,0,1.7039752250399856,0,0,0,0.17433810159042548,0,0,0,0.3207100289327997,0,0,0,0.36152758895087483,0,0,0,2.3561865182465076,0,0,0,2.6337545979254755,0,0,0,10.041868296002807
np_oilgas,2310000660,"""Industrial Processes;Oil and Gas Exploration and Production;All Processes;Hydraulic Fracturing Engines""",8.042601894043337e+06,303442.2703845847,13792.83525452444,507576.35503643187,9.693874934291747,2.0504921330094144,0.04090972306988278,0.17571627208657634,7.472149294137568,1.4178692907909511,0.029435941926998374,0.12283442319106332,0.9664099512631177,0.26618506251304364,0.005872839451933302,0.018895475804610897,0.11509309549087114,0.018522523387465812,0.0003259200997661506,0.0019480650247720329,0.15402279567916183,0.04613206712849547,0.0009565855758703943,0.0029959626657735795,0.19877743414661744,0.04153937209760285,0.0008534836623644315,0.003440765155799941,0.7874223599613676,0.26024381610672787,0.0034649523535194697,0.02560158010507366,1.4820478035737117,0.32533287348736,0.006277935542443699,0.028531821032820703,5.972435309948414,1.2618912081671823,0.025591211372816444,0.10591300382221573
np_oilgas,2310023400,"""Industrial Processes;Oil and Gas Exploration and Production;Coal Bed Methane Natural Gas;Dehydrators""",2.610384625014412e+06,198137.37776905502,15622.999586327334,4.900491674198533e+06,4.795719257127663,2.783073578586126,0.07702679395704086,1.5263941858258907,3.428421208906271,1.7864555650398475,0.05272595265747477,1.0203969574518499,0.8772278352935474,0.7360527632737347,0.016733782401035617,0.22774533112673065,0.0747942346371752,0.025266992344813284,0.0005676056574883074,0.054948656987817854,0.061166233207255116,0.04371166006803527,0.0013208986994362394,0.017868722868224725,0.11746290411606987,0.053334111553672084,0.0014656818663384963,0.026179667609762813,0.23664684602211028,0.13825249168264356,0.004212872743955388,0.17925485485430998,0.8564711224565488,0.513390754189603,0.013082390642926421,0.26057635829975373,2.7772178612750293,1.6066365652753545,0.046124921425982554,0.9022106455707222
np_oilgas,2310021600,"""Industrial Processes;Oil and Gas Production: SIC 13;Natural Gas; Gas well venting""",0,0,0,8.42815874533793e+06,0,0,0,4.5022107679546775,0,0,0,2.3078081224108384,0,0,0,0.4268262677124681,0,0,0,0.033564850142853396,0,0,0,0.0990123514490424,0,0,0,0.07666690306664574,0,0,0,1.558332268373142,0,0,0,0.8115772351521616,0,0,0,2.598630197440588
np_oilgas,2310012020,"""Industrial Processes;Oil and Gas Exploration and Production;Off-Shore Oil Production;Storage Tanks: Crude Oil""",0,0,0,999.7266696944998,0,0,0,0.0005098340217899332,0,0,0,0.00023197060508771064,0,0,0,5.6227112614753225e-05,0,0,0,1.5866872765326639e-06,0,0,0,1.106123742753086e-05,0,0,0,7.70917396739468e-06,0,0,0,0.00020127920387008098,0,0,0,8.774310377972882e-05,0,0,0,0.00029718952944100363
np_oilgas,2310030401,"""Industrial Processes;Oil and Gas Exploration and Production;Natural Gas Liquids;Gas Plant Truck Loading""",0,0,0,81864.63748364997,0,0,0,0.022986628049714804,0,0,0,0.01735968446873238,0,0,0,0.0011823001774770802,0,0,0,0.00012389098908536066,0,0,0,0.00042499530510776984,0,0,0,0.0004644858724370005,0,0,0,0.0034312711857840167,0,0,0,0.002959341449855198,0,0,0,0.015241662450628156
np_oilgas,2310111401,"""Industrial Processes;Oil and Gas Exploration and Production;On-Shore Oil Exploration;Oil Well Pneumatic Pumps""",7408.9798949999995,,,2.8125995379644476e+07,0.006506647013836311,0,0,11.072396540336308,0.005349902127723604,0,0,7.53767545225954,0.000427100341917541,0,0,1.356793691484926,6.275994844069564e-05,0,0,0.1345823275362137,0.00011918106292405659,0,0,0.19496241115240925,0.00010981290697540027,0,0,0.2392505695448483,0.00043789062491419523,0,0,1.609132084361922,0.000842223627644327,0,0,1.7489924062048603,0.004278629835111196,0,0,6.739294186149408
np_oilgas,2310010300,"""Industrial Processes;Oil and Gas Production: SIC 13;Crude Petroleum; Oil well pneumatic devices""",,,,1.87272225896748e+08,0,0,0,75.88945007454635,0,0,0,53.873236234852286,0,0,0,9.561380754513467,0,0,0,0.8536974928530804,0,0,0,1.2763711901824615,0,0,0,1.6294214150257536,0,0,0,8.695343016671742,0,0,0,12.035299637165753,0,0,0,46.249832777992694
np_oilgas,2310023100,"""Industrial Processes; Oil and Gas Production; CBM; Dehydrators""",1.9413082841453652e+06,147539.34879316844,0.0180616828762391,106771.90886941226,3.261173498049809,2.004782093227312,9.076000305832833e-08,0.07212785352464968,2.313492118122907,1.2699525163461596,6.093792786787417e-08,0.047921379808554855,0.6435664866250393,0.554109855613342,2.145309426725423e-08,0.01810694439189928,0.03694036619388153,0.015504070819456876,4.582008003551337e-10,0.0007288133706581388,0.0409882763714488,0.03112526812870213,1.5744745817100427e-09,0.0009049902218395356,0.06507946089307029,0.03304047932208691,1.495031671519299e-09,0.001219724522995133,0.16110679390982505,0.10104990739646516,4.841273964066887e-09,0.0032460013425968217,0.580388589109727,0.37048449717717297,1.5521539907404427e-08,0.013502703546752759,1.8945138572031395,1.1575141129232676,5.429088784567659e-08,0.04109369941771145
np_oilgas,2310021500,"""Industrial Processes;Oil and Gas Production: SIC 13;Natural Gas; Gas well completion - flaring and venting""",474915.33911400003,10869.890669999999,1162.5575774999998,295766.803995,1.0255483889993062,0.26359830508961435,0.01574059448842343,0.22949214653978464,0.7496925545939819,0.1765388577687521,0.009251466309911246,0.18031116743314746,0.09527665354375077,0.03210844671074137,0.002128554741012902,0.01825390668938748,0.00151831050892206,0.000378531196024014,2.2172397385043956e-05,0.0003049501760402206,0.0465324986889755,0.01469725004326759,0.0011543152063952183,0.0080616978781936,0.01807074725438431,0.004826056111744236,0.00030960396802736127,0.003942491529526662,0.11445762438592799,0.035049163401614625,0.002874481871434494,0.018617932798523654,0.12379312683767367,0.03352044862555955,0.001993140126807315,0.026320443092454387,0.7086465701918908,0.18084356498318024,0.011019922457763736,0.16036972646730732
np_oilgas,2310012000,"""Industrial Processes;Oil and Gas Production: SIC 13;Crude Petroleum : Off-shore;Total: All Processes""",122518.35517604998,1042.1259564765,38.0047737798,4541.2894570605,0.12419929719191299,0.008937581728435347,0.00014902410689149066,0.0023159366403103392,0.06718436994570097,0.0039840758203161,7.0654418042588e-05,0.0010537336455970843,0.013111221935193736,0.0011394047825978493,1.590368272904889e-05,0.00025541341946865004,0.0008601921477271828,3.657856028196066e-05,7.527734103102493e-07,7.207576277608386e-06,0.0027300094950630286,0.00024053109867100365,4.208862161613801e-06,5.0246015392022814e-05,0.002276226434795194,0.0001416476243560677,2.5212815382882792e-06,3.5019160035206175e-05,0.03803727682358921,0.0033953438254207386,5.498308875324279e-05,0.0009143168165173365,0.01998910486768816,0.0015602652931945035,2.500779521702773e-05,0.0003985757140626288,0.0742420208901106,0.0052142128477417555,8.871982028737275e-05,0.0013499925577204397
np_oilgas,2310021209,,0,0,0,0,0,0,0,0,0,0,0,0,0,0,0,0,0,0,0,0,0,0,0,0,0,0,0,0,0,0,0,0,0,0,0,0,0,0,0,0
np_oilgas,2310021503,"""Industrial Processes;Oil and Gas Exploration and Production;On-Shore Gas Production;Fugitives: Open Ended Lines""",0,0,0,5.024157178160849e+06,0,0,0,2.4682480938354145,0,0,0,1.7634287605444223,0,0,0,0.2872197337782626,0,0,0,0.02923982277986011,0,0,0,0.044011644153572345,0,0,0,0.056950604328336506,0,0,0,0.2873975291448733,0,0,0,0.4049973863742196,0,0,0,1.4857082823150078
np_oilgas,2310023513,"""Industrial Processes;Oil and Gas Exploration and Production;Coal Bed Methane Natural Gas;Fugitives: Open Ended Lines""",,,,357660.80975300027,0,0,0,0.2619933433977469,0,0,0,0.17510734554038626,0,0,0,0.06607339158568386,0,0,0,0.002326520391343386,0,0,0,0.0033217810989865366,0,0,0,0.0044813384475292685,0,0,0,0.01068296677160547,0,0,0,0.04924485198598994,0,0,0,0.14897263320084705
np_oilgas,2310010700,"""Industrial Processes;Oil and Gas Production: SIC 13;Crude Petroleum; Oil well fugitives""",,,,2.0024422871677496e+07,0,0,0,5.9776054901577975,0,0,0,4.419331408303247,0,0,0,0.3198209104150894,0,0,0,0.045658805841255534,0,0,0,0.10751304057714127,0,0,0,0.11119678090877867,0,0,0,0.9740845228831677,0,0,0,0.7740418535631239,0,0,0,3.9401750750999573
np_oilgas,2310002301,"""Industrial Processes;Oil and Gas Exploration and Production;Off-Shore Oil And Gas Production;Flares: Continuous Pilot Light""",17.5390430538,0,0,1.54805879442255,2.901620915283094e-05,0,0,1.5371470884983232e-06,1.4856369424387304e-05,0,0,6.516974347028185e-07,4.780378985890543e-06,0,0,2.9967198818399106e-07,1.5089848262837338e-07,0,0,4.371627967685166e-09,1.0040675064733158e-06,0,0,5.132062237940721e-08,4.5784082139995825e-07,0,0,1.976246924032554e-08,7.766653873509101e-06,0,0,5.10322944979173e-07,4.550320221811098e-06,0,0,2.683007947252358e-07,1.7617855645940254e-05,0,0,8.930853801957896e-07
np_oilgas,2310002421,"""Industrial Processes;Oil and Gas Exploration and Production;Off-Shore Oil And Gas Production;Cold Vents""",0,0,0,6549.178582758599,0,0,0,0.00409335185223319,0,0,0,0.0018143858735268866,0,0,0,0.0005825867471484484,0,0,0,1.2323796672667472e-05,0,0,0,0.0001069180291397456,0,0,0,5.838793460317998e-05,0,0,0,0.0015187494623742875,0,0,0,0.000708255630529877,0,0,0,0.0023831116532173975
np_oilgas,2310021202,"""Industrial Processes;Oil and Gas Exploration and Production;On-Shore Gas Production;Natural Gas Fired 4Cycle Lean Burn Compressor Engines 50 To 499 HP""",1.8879364842796236e+07,226526.29315119536,13060.204957215072,2.378732728115059e+06,31.344340895263045,2.1653816990979533,0.05582651486418696,1.1709168200761293,23.640868318553274,1.5450990657964057,0.039515202729384094,0.8534729788261505,4.075316297359955,0.3503536441334897,0.009430363348526226,0.17856946917218416,0.4174058183892778,0.02548867975657923,0.0004179772852051085,0.01775525412205446,0.4618413646479419,0.041275105825541884,0.0012176177274415057,0.01601356067149319,0.7778805572875763,0.05150531982726777,0.001197396062477113,0.027911230256779773,1.9710285584389706,0.1516598845689747,0.00404795773718145,0.0771943274701397,5.1487938259634145,0.35933601188587677,0.00878618516771073,0.203430498145766,18.77501126316203,1.3108397795418036,0.034566875397571716,0.6873591720136408
np_oilgas,2310021302,"""Industrial Processes;Oil and Gas Exploration and Production;On-Shore Gas Production;Natural Gas Fired 4Cycle Rich Burn Compressor Engines 50 To 499 HP""",1.6396960929187056e+08,1.369774451666225e+06,46911.96908475383,2.5448186754244026e+06,237.64497353487786,12.009591048165968,0.1829940728842407,1.2080201323349644,168.53389527245272,8.355353055984503,0.12704356102415992,0.7607167364119968,30.33797023572033,1.827994601795795,0.028620888688891732,0.15190253817731025,2.7032943755910033,0.12160121936931227,0.001372183451767991,0.012850437664058594,3.721709888972184,0.24197712294933094,0.004158476281258695,0.018146737772675375,5.243036394685626,0.2698670103114964,0.003912283122598855,0.023432523495287672,27.105067353129137,1.1927980410766577,0.01788668037609634,0.24097115835610092,38.9249089309487,1.957035811113538,0.028549359070481985,0.21467870653407423,141.70937391384803,7.3159654858496594,0.11343178514274342,0.699133267943153
np_oilgas,2310023351,"""Industrial Processes;Oil and Gas Exploration and Production;Coal Bed Methane Natural Gas;Lateral Compressors 4 Cycle Rich Burn""",3.20782494526123e+06,34184.72049710902,1035.5806270071216,46407.75368112216,5.588872857965678,0.5165511689537609,0.005283535801860181,0.034858590074190864,3.9125007820998556,0.3251186900099753,0.003544791416407394,0.02310850131603362,1.2130061839445745,0.14904957401030267,0.0012454840102959206,0.009189138805812912,0.04621629015387841,0.0028435064154170245,2.666937758382554e-05,0.00023172894079220773,0.06916558322093475,0.008090316854576538,9.381434192464515e-05,0.00043860267884866805,0.09341950435897638,0.0076854942412653395,8.855872701895575e-05,0.0005051122451019597,0.2545645223638844,0.02376358859313627,0.0002842179344841267,0.0013855061542376826,1.0065374793411803,0.09585842152586531,0.000897830137445655,0.0065672495901684495,3.2353185423401105,0.2978428104958566,0.003169428392138189,0.019823125659813683
np_oilgas,2310022105,"""Industrial Processes;Oil and Gas Exploration and Production;Off-Shore Gas Production;Diesel Engines""",4001.4884547131996,254.26157524604997,341.1744250992,479.71380345299997,0.0061322899212670956,0.004167834313906078,0.0018651078938326713,0.00045139721988963615,0.0031620778722526548,0.0017299863250390098,0.0008651798281403863,0.00019219452888735727,0.0009646164378188394,0.0008241137705856678,0.0002713010154827684,8.577211693901017e-05,3.322235818078802e-05,1.3211892099097637e-05,7.726098327177443e-06,1.29083441413415e-06,0.000202459111024591,0.00015320002359997696,7.449876734770918e-05,1.4762947031549484e-05,9.872669125770814e-05,5.746534221964138e-05,2.914554432591307e-05,5.863068002085464e-06,0.0016711874373706614,0.0013898569565571506,0.0006172566371240734,0.0001515137242467182,0.0009648475650275343,0.0007404322955408035,0.00030886398571321086,7.872454395944425e-05,0.0037161006098639935,0.0024176112580191074,0.0011243660155654932,0.00026231318603959716
np_oilgas,2310011505,"""Industrial Processes;Oil and Gas Exploration and Production;On-Shore Oil Production;Fugitives:  Valves""",0,0,0,3.891572454384377e+07,0,0,0,19.869088132051843,0,0,0,14.011823665538579,0,0,0,2.8709627933539688,0,0,0,0.21170157934735773,0,0,0,0.31375835252329615,0,0,0,0.43611829356291404,0,0,0,2.024723475500503,0,0,0,3.228501499497738,0,0,0,11.968887877278853
np_oilgas,2310000550,"""Industrial Processes;Oil and Gas Exploration and Production;All Processes;Produced Water""",0,0,0,4.0853427775559865e+07,0,0,0,21.132955097326608,0,0,0,12.55654680846183,0,0,0,3.187932188809318,0,0,0,0.18131046026546632,0,0,0,0.4649858457204267,0,0,0,0.3895531711639969,0,0,0,4.352626599116332,0,0,0,3.437405813354862,0,0,0,12.651036000805997
np_oilgas,2310011501,"""Industrial Processes;Oil and Gas Exploration and Production;On-Shore Oil Production;Fugitives: Connectors""",0,0,0,1.2111608615675319e+07,0,0,0,6.734033539388675,0,0,0,4.719671955908863,0,0,0,1.013398190789083,0,0,0,0.06436795236710109,0,0,0,0.10702319909377296,0,0,0,0.14358351246676487,0,0,0,0.6859887389160778,0,0,0,1.099324123646106,0,0,0,4.051170370017855
np_oilgas,2310011000,"""Industrial Processes;Oil and Gas Production: SIC 13;Crude Petroleum : On-shore;Total: All Processes""",921315.16383187,,7.440871146336413e+06,6.63912222236596e+07,0.8705732161288219,0,23.31552055365911,9.878823392012004,0.5554456338029969,0,13.339486461258954,7.523064575092774,0.08020322342003482,0,2.631137785007082,0.8895285218416379,0.010836865415412336,0,0.21793911503759222,0.2423576406902945,0.01531590213800097,0,0.571008679703279,0.1796002710177674,0.019261538359034307,0,0.5033741481624662,0.19167776142819348,0.18951005216834468,0,6.0525743490324055,0.8525946127904513,0.136902414957675,0,3.7714352389668617,1.3499307597854444,0.5206064345553008,0,14.027601227723533,6.428628846587777
np_oilgas,2310021303,"""Industrial Processes;Oil and Gas Exploration and Production;On-Shore Gas Production;Natural Gas Fired 4Cycle Rich Burn Compressor Engines 500+ HP""",85422.32875025702,359.00374920929994,21.061561932418652,2281.6650214014,0.1480073856145321,0.0034821676533450074,9.109747371634104e-05,0.0012828488352591013,0.11024150906355737,0.002429261082626919,6.310932524898715e-05,0.0009274648341074983,0.013217823431792921,0.0003756253023487134,1.1909125205516521e-05,0.00010995298035210767,0.003201269719811406,6.165210258175467e-05,1.6732703950380201e-06,2.321926780994438e-05,0.0022085372780138316,7.124817669570687e-05,1.9164600428848965e-06,2.052520268569261e-05,0.004540838043447329,0.00010064611953653978,2.766891744452618e-06,3.510365578202176e-05,0.014597408397302189,0.00044373487604379045,9.722401119576972e-06,0.0001665828993244011,0.022526254831991964,0.0005214776918557036,1.4473713654226228e-05,0.0001856142841452253,0.09051352860669916,0.0021658496386557525,5.550022066811828e-05,0.0008011467229006626
np_oilgas,2310030000,"""Industrial Processes;Oil and Gas Production: SIC 13;Natural Gas Liquids;Total: All Processes""",,,,1.297481247384888e+06,0,0,0,0.5236311991863318,0,0,0,0.292207702670814,0,0,0,0.020361387510293653,0,0,0,0.004255624109576411,0,0,0,0.04518749182539297,0,0,0,0.019813739901983696,0,0,0,0.141805251666743,0,0,0,0.08402347391190097,0,0,0,0.31989875836249565
np_oilgas,2310021411,"""Industrial Processes;Oil and Gas Exploration and Production;On-Shore Gas Production;Gas Well Dehydrators - Flaring""",371.94585,0,0,0,0.00032846700796750294,0,0,0,0.00026204807220340875,0,0,0,2.10141668204776e-05,0,0,0,2.0982874846358196e-06,0,0,0,6.00198132070595e-06,0,0,0,6.15245761594123e-06,0,0,0,3.115204234468824e-05,0,0,0,4.390086201110402e-05,0,0,0,0.00021465477446940502,0,0,0
np_oilgas,2310011502,"""Industrial Processes;Oil and Gas Exploration and Production;On-Shore Oil Production;Fugitives: Flanges""",0,0,0,1.3250643243866472e+06,0,0,0,0.47381076031278807,0,0,0,0.3416279376568876,0,0,0,0.04528901915861109,0,0,0,0.008354745974301532,0,0,0,0.007498482862928734,0,0,0,0.012689999003027828,0,0,0,0.058350575859775745,0,0,0,0.07467512396383205,0,0,0,0.2867301852435318
np_oilgas,2310023300,"""Industrial Processes;Oil and Gas Exploration and Production;Coal Bed Methane Natural Gas;Pneumatic Devices""",0,0,0,1.4006521088439036e+07,0,0,0,7.091449600262725,0,0,0,4.9021260254687355,0,0,0,1.3660371482419895,0,0,0,0.06232808606930282,0,0,0,0.0996666148091098,0,0,0,0.1313535706591517,0,0,0,0.52993815950684,0,0,0,1.1996318778169868,0,0,0,4.23097237418744
np_oilgas,2310023251,"""Industrial Processes;Oil and Gas Exploration and Production;Coal Bed Methane Natural Gas;Lateral Compressors 4 Cycle Lean Burn""",724199.214396171,8539.133364075074,502.74978269584193,84590.8266567855,1.1750650949070682,0.09996444693765541,0.002168501228294598,0.05121727223782799,0.8524855078833087,0.06512970285078919,0.0015032583620493655,0.03456618297957693,0.19293093992103746,0.02411952166026722,0.00044012193659079626,0.011286781322178203,0.019735653996111616,0.001345420025101431,1.7466068064430345e-05,0.0008877370546903176,0.015345021641345076,0.001588771711904595,3.845819024593295e-05,0.0006458148095496879,0.030458576316028788,0.0020561161223956385,4.339612573910514e-05,0.0010995907660613416,0.06410939625031833,0.005724914778378718,0.00012580054752128097,0.0027311653964132857,0.20560686217589247,0.018099861650305624,0.00036176144891982026,0.00946624082430369,0.6851743533653376,0.05816680279841635,0.0013076219396108717,0.029289185130527366
np_oilgas,2310023310,"""Industrial Processes;Oil and Gas Exploration and Production;Coal Bed Methane Natural Gas;Pneumatic Pumps""",0,0,0,6.070152823735384e+06,0,0,0,3.3053514556870325,0,0,0,2.2160819797023756,0,0,0,0.7492598861876941,0,0,0,0.03413587320410766,0,0,0,0.042804489857369496,0,0,0,0.04871930152058379,0,0,0,0.21434993007387673,0,0,0,0.5947584311405241,0,0,0,1.9202780685670318
np_oilgas,2310020000,"""Industrial Processes;Oil and Gas Production: SIC 13;Natural Gas;Total: All Processes""",1.3970110513127698e+06,5337.3124342232995,1447.494951276,2.170323165557998e+06,2.7119142875386206,0.5641315493797586,0.014499621531961882,4.529650475797353,1.1718256818091384,0.22151176688675706,0.004982758051000339,1.6039723757330548,0.11008560964228174,0.020367579796818774,0.0006352641318962894,0.23673629778257407,0.013583408554429176,0.001929353478419369,4.4068796342590014e-05,0.014801728102435062,0.3446281627858905,0.08533015062370995,0.002232730706295611,0.505935503940107,0.0812158011726397,0.016437007329936235,0.00035823396516418914,0.12620646503824084,0.9905756218761111,0.21855569201959127,0.006246565889846749,2.0419981069002904,0.4039996600742534,0.07813042414902421,0.0020328978327251103,0.7339340893631088,1.700190013194671,0.3663119154576872,0.00931688131952011,2.7511758815815854
np_oilgas,2310023102,"""Industrial Processes;Oil and Gas Exploration and Production;Coal Bed Methane Natural Gas;CBM Fired 2Cycle Lean Burn Compressor Engines 50 To 499 HP""",4225.5951552,105.22620251999999,1.2807456393,220.8632601,0.006234749018055523,0.0011755679296461467,6.462603177985424e-06,0.0001238841973262855,0.004248850005971753,0.0007642593027865846,4.1228462417805985e-06,8.349110134876567e-05,0.001559107693091067,0.0003283159984404015,1.8351390710586765e-06,3.259516404124787e-05,3.150221388517707e-05,4.328682951931346e-06,2.7785274368729554e-08,4.655226547847004e-07,6.197369021767862e-05,1.4293063256834407e-05,8.823226052911309e-08,1.2236296883155864e-06,8.022956449087423e-05,1.5057300956651368e-05,8.874085415443114e-08,1.5457256943508043e-06,0.00025308585827589773,4.931358284902601e-05,2.9985947900940546e-07,4.563054127693377e-06,0.0011493885984026116,0.0002103023273679935,1.1919891620442622e-06,2.189506767808852e-05,0.003589670999082054,0.0006938565863597112,3.738032801576963e-06,7.342100109979388e-05
np_oilgas,2310023603,"""Industrial Processes;Oil and Gas Exploration and Production;Coal Bed Methane Natural Gas;Venting - Blowdowns""",0,0,0,6.686025369594705e+06,0,0,0,2.213641555354518,0,0,0,1.6568248121995075,0,0,0,0.128007452519199,0,0,0,0.024786947038930956,0,0,0,0.03825680447691085,0,0,0,0.05456880238815858,0,0,0,0.31119673218026045,0,0,0,0.3018373983850949,0,0,0,1.433660054186533
np_oilgas,2310021700,"""Industrial Processes;Oil and Gas Exploration and Production;On-Shore Gas Production;Miscellaneous Engines""",4.9241747969637e+06,19700.477495445764,3728.2581945000006,433457.3565598499,6.16070482334266,0.17512985761390454,0.030297819938889563,0.12475231264325945,4.784455625007126,0.12193700673087728,0.020116891287702873,0.0924914322252931,0.382216867452348,0.015365783131628228,0.004625544085885566,0.006839245797249816,0.03096000024496188,0.0008520364631624779,5.3080393421112426e-05,0.0009611696545498228,0.1058710687077628,0.005198663461194573,0.0015275756675529391,0.002161522847216657,0.10993206397947096,0.0034052141651299216,0.0005859976769199085,0.002340862015967139,0.7472691871687598,0.028371153314769887,0.003388730845749485,0.019958079711331997,0.8213656786233061,0.023285702511230147,0.0037945689462263767,0.016557152925126425,4.007135073978818,0.11658378456255436,0.020960716681094886,0.08149831539458341
np_oilgas,2310010000,"""Industrial Processes;Oil and Gas Production: SIC 13;Crude Petroleum;Total: All Processes""",673629.314565,,,9.485300392644934e+06,0.5336582871714304,0,0,20.925224915983446,0.3290346719382006,0,0,7.156843001895577,0.026054571569312762,0,0,1.5377649803604767,0.00471327619183141,0,0,0.1336817296462771,0.04051971553958636,0,0,0.9744322685319956,0.019356246120474402,0,0,0.547236057125256,0.11397980586405346,0,0,10.575266926184499,0.08300346098305529,0,0,4.950914892609008,0.333311163064331,0,0,10.30485648188767
np_oilgas,2310112401,"""Industrial Processes;Oil and Gas Exploration and Production;Off-Shore Oil Exploration;Oil Well Pneumatic Pumps""",0,0,0,171.2194660635,0,0,0,8.7317385421062e-05,0,0,0,3.9728743843307e-05,0,0,0,9.629807222608903e-06,0,0,0,2.717460498857693e-07,0,0,0,1.8944170228809083e-06,0,0,0,1.320321600211107e-06,0,0,0,3.447234941740331e-05,0,0,0,1.5027437247435074e-05,0,0,0,5.08985496234743e-05
np_oilgas,2310012515,"""Industrial Processes;Oil and Gas Exploration and Production;Off-Shore Oil Production;Fugitives; Valves: Oil""",0,0,0,0.32939699562704994,0,0,0,1.6797586896074322e-07,0,0,0,7.642608861489806e-08,0,0,0,1.8524672114151897e-08,0,0,0,5.227438793261401e-10,0,0,0,3.64424243431925e-09,0,0,0,2.5399273950554323e-09,0,0,0,6.631819401362226e-08,0,0,0,2.8909158101584488e-08,0,0,0,9.791493135750119e-08
np_oilgas,2310021309,,0,0,0,0,0,0,0,0,0,0,0,0,0,0,0,0,0,0,0,0,0,0,0,0,0,0,0,0,0,0,0,0,0,0,0,0,0,0,0,0
np_oilgas,2310021605,"""Industrial Processes;Oil and Gas Exploration and Production;On-Shore Gas Production;Gas Well Venting - Compressor Shutdowns""",,,,928558.2786,0,0,0,0.18093856898099323,0,0,0,0.141098937538951,0,0,0,0.010497576648466973,0,0,0,0.0017430087983360423,0,0,0,0.0032686395236522763,0,0,0,0.00378593864349752,0,0,0,0.020544467349791776,0,0,0,0.023878178510808066,0,0,0,0.11936012628122933
np_oilgas,2310021601,"""Industrial Processes;Oil and Gas Exploration and Production;On-Shore Gas Production;Gas Well Venting - Initial Completions""",,,,4.6522378559738986e+07,0,0,0,13.749801835386004,0,0,0,10.34899857008863,0,0,0,0.6949661156401405,0,0,0,0.07345791679477705,0,0,0,0.25136447733605843,0,0,0,0.278191243228004,0,0,0,2.1028234783624784,0,0,0,1.7702664047511898,0,0,0,9.104041726161167
np_oilgas,2310021602,"""Industrial Processes;Oil and Gas Exploration and Production;On-Shore Gas Production;Gas Well Venting - Recompletions""",,,,7.3733076571485e+06,0,0,0,2.1633816343295935,0,0,0,1.6223536048878053,0,0,0,0.11107689125459536,0,0,0,0.014091141531914753,0,0,0,0.03875247697220206,0,0,0,0.04309183033751653,0,0,0,0.3340156837658755,0,0,0,0.2819037769131477,0,0,0,1.4253468887088037
np_oilgas,2310023602,"""Industrial Processes;Oil and Gas Exploration and Production;Coal Bed Methane Natural Gas;Venting - Recompletions""",0,0,0,4.0382938817514754e+06,0,0,0,1.2201178305220137,0,0,0,0.9129817042846406,0,0,0,0.06263465979194964,0,0,0,0.0061646614068539204,0,0,0,0.022088933166291038,0,0,0,0.024056887881478632,0,0,0,0.19219098053307732,0,0,0,0.1576343874007163,0,0,0,0.805992070426032
np_oilgas,2310011503,"""Industrial Processes;Oil and Gas Exploration and Production;On-Shore Oil Production;Fugitives: Open Ended Lines""",0,0,0,3.2216251454125377e+06,0,0,0,1.7507305404426519,0,0,0,1.2441090051186878,0,0,0,0.2520764725373417,0,0,0,0.02012810179709017,0,0,0,0.027365282187503462,0,0,0,0.040130626615648916,0,0,0,0.1669210547974731,0,0,0,0.28549267347685026,0,0,0,1.0531805679631547
np_oilgas,2310002401,"""Industrial Processes;Oil and Gas Exploration and Production;Off-Shore Oil And Gas Production;Pneumatic Pumps: Gas And Oil Wells""",0,0,0,84.9717551805,0,0,0,8.43730281205942e-05,0,0,0,3.577139916704428e-05,0,0,0,1.6448810873615675e-05,0,0,0,2.3995688146933577e-07,0,0,0,2.816957988494785e-06,0,0,0,1.0847529876691988e-06,0,0,0,2.8011150164947768e-05,0,0,0,1.472684256194785e-05,0,0,0,4.9020927099845504e-05
np_oilgas,2310010200,"""Industrial Processes;Oil and Gas Production: SIC 13;Crude Petroleum; Oil well tanks - flashing & standing/working/breathing""",755414.4171734554,0,4.0116468402444897e+06,2.455024448777083e+08,0.4836019950059057,0,8.095265536204863,73.72831961904764,0.404954768890777,0,5.988241248147475,52.186669034346075,0.025588334193742165,0,0.9454030853709955,10.555258367593495,0.008999535876898139,0,0.054235171484665085,1.283671581780987,0.00926117728803384,0,0.25264288423814585,1.3178651480647334,0.008179083700295409,0,0.1534324985048127,1.685580691582093,0.0266190942596188,0,0.7013106498984737,6.699274827068011,0.05954409480592515,0,1.106097334302671,11.497348177512693,0.3251991269255774,0,5.355429852246575,45.37111410248751
np_oilgas,2310010100,"""Industrial Processes;Oil and Gas Production: SIC 13;Crude Petroleum; Oil well heaters""",2.3258391264451023e+07,1.7197856404763914e+06,29290.58601309144,1.0720262231394213e+06,39.7679716934874,18.56426308051387,0.07248271712742388,0.6182689246522107,29.243473320364718,12.370793532753952,0.05397543665842566,0.40968754783271377,6.040699879467362,3.7847200552190965,0.008077937199098375,0.14231928801553992,0.3650786013142739,0.1434765803630375,0.0003211825792477657,0.005975905443751995,0.6068641771427459,0.36055964530808116,0.0018376752577026845,0.00837508788272126,0.831945896472749,0.3871540469278118,0.0014220747119028745,0.012752453812180951,2.6799098480191907,1.5175592278540904,0.006848410731436645,0.039158642445160534,6.341919876673491,3.117259384423736,0.01019408343202063,0.11010176125922133,24.269482457675927,11.264060069175464,0.04718923137962871,0.3611556447467523
np_oilgas,2310021351,"""Industrial Processes;Oil and Gas Exploration and Production;On-Shore Gas Production;Lateral Compressors 4 Cycle Rich Burn""",5.3399239110279836e+07,824615.0627495631,24389.968473077242,906172.0451537132,90.50899997660956,9.701293867677473,0.13691708706748532,0.4761075458218422,68.03496263374493,6.9045726831488095,0.09321265357476731,0.3604765011942711,12.261033010472385,1.4467713438527978,0.022149768036847952,0.06492600763902164,0.6556216554976932,0.053902128966957744,0.0005802290649418461,0.0035466619947125792,1.8478718252503183,0.30315665444124723,0.005203974666371311,0.008888849537389784,1.7984300570547678,0.20278125160939028,0.0027928015655394557,0.009625190911495078,5.911080843736637,0.7901098126821462,0.012977660252912774,0.028644334904324942,13.554729082991267,1.3983702703248446,0.019022977864484505,0.07316192956792922,56.78907285942613,6.2705383841077476,0.09037103587080932,0.29529071482469094
np_oilgas,2310021301,"""Industrial Processes;Oil and Gas Exploration and Production;On-Shore Gas Production;Natural Gas Fired 4Cycle Rich Burn Compressor Engines <50 HP""",1.076198545840042e+06,3721.5528000776358,231.3975368521224,5152.631783596178,1.5414474464060106,0.03438162262370675,0.000897109489392051,0.0027818025668650643,1.0033307763507167,0.019163566468081473,0.000550291742021181,0.0014890491840023172,0.19432227659600118,0.004814776909264255,0.00013262778795594424,0.00033417235692246867,0.018184448508715072,0.0002793532329573521,8.950932051867165e-06,2.0292556789707752e-05,0.02749708494464722,0.0008302043299865317,2.2085418422513115e-05,5.135126745103408e-05,0.03299523342823815,0.0006423782602932554,1.9641559296760476e-05,4.4690617869920735e-05,0.2651176251508449,0.008651343382946475,0.0001635120488889628,0.000842246580091876,0.2582839225394156,0.0060240592786233865,0.00014755345532825847,0.000508485786575857,0.9032795236781584,0.02004939053946514,0.0005374143652874382,0.0015798089332120207
np_oilgas,2310011506,"""Industrial Processes;Oil and Gas Exploration and Production;On-Shore Oil Production;Fugitives:  Other""",0,0,0,1.1709529093455205e+07,0,0,0,6.06852116929224,0,0,0,3.5617504617912457,0,0,0,0.5871128225168621,0,0,0,0.05855051566142837,0,0,0,0.1162573510343006,0,0,0,0.12396773953587288,0,0,0,1.6208822705693453,0,0,0,0.9911750046907081,0,0,0,3.558666284322819
np_oilgas,2310010800,"""Industrial Processes;Oil and Gas Production: SIC 13;Crude Petroleum; Oil well truck loading""",0,0,0,1.4538002499e+06,0,0,0,0.27162893382034936,0,0,0,0.2137771396514482,0,0,0,0.014944699881074885,0,0,0,0.003977071792303232,0,0,0,0.004659366366828097,0,0,0,0.005651294333155767,0,0,0,0.028619361232476836,0,0,0,0.03524129857925912,0,0,0,0.17919551622616053
np_oilgas,2310022501,"""Industrial Processes;Oil and Gas Exploration and Production;Off-Shore Gas Production;Fugitives; Connectors: Gas Streams""",0,0,0,1.31596819461885,0,0,0,1.3066900285270285e-06,0,0,0,5.539911472020057e-07,0,0,0,2.547435221470731e-07,0,0,0,3.716193082489701e-09,0,0,0,4.3626280232395096e-08,0,0,0,1.679957690476842e-08,0,0,0,4.338133080700381e-07,0,0,0,2.280759362834262e-07,0,0,0,7.591889737362575e-07
np_oilgas,2310022410,"""Industrial Processes;Oil and Gas Exploration and Production;Off-Shore Gas Production;Amine Unit""",0,0,17.691558996,0,0,0,0.0001028537448602595,0,0,0,4.755199073768044e-05,0,0,0,1.5564646442227085e-05,0,0,0,4.1190932177132955e-07,0,0,0,4.290565343952029e-06,0,0,0,1.5871472456160333e-06,0,0,0,3.3447485599946396e-05,0,0,0,1.6998287514107797e-05,0,0,0,6.21214618652919e-05,0
np_oilgas,2310002000,"""Industrial Processes;Oil and Gas Production: SIC 13;All Processes : Off-shore;Total: All Processes""",0,0,0,141.66942968745002,0,0,0,7.224757882491678e-05,0,0,0,3.287210011947345e-05,0,0,0,7.96781903283342e-06,0,0,0,2.2484635393868613e-07,0,0,0,1.5674649668164686e-06,0,0,0,1.0924521419158163e-06,0,0,0,2.852289599086865e-05,0,0,0,1.2433902816145749e-05,0,0,0,4.211414574899321e-05
np_oilgas,2310021603,"""Industrial Processes;Oil and Gas Exploration and Production;On-Shore Gas Production;Gas Well Venting - Blowdowns""",51129.688080402266,18.1437,2.081448980392215e+06,6.575633208970491e+07,0.046890608062213124,0.0002916069334906296,20.426354629364234,23.511168960054132,0.03611486470940012,0.00020697573292746276,13.23047763661779,17.800812635156873,0.0034898275931545923,3.099020071655979e-05,3.0128286645553475,2.097598110899782,0.0005561041724778116,5.619441874666577e-07,0.03272275156976677,0.41678955097237885,0.0007952845289754534,1.4084607001217091e-05,1.136981828402416,0.405264547824672,0.0009989663915730012,5.305364831500565e-06,0.3853382872112247,0.5907827670460258,0.0049355606799899,3.368908380872242e-05,2.62800546894698,2.1999213620869305,0.006699294065879571,3.839257964823384e-05,2.5812789277021184,3.4827812127557234,0.029439325327751748,0.00019653785752613755,14.12740993511439,14.673290294662392
np_oilgas,2310021300,"""Industrial Processes;Oil and Gas Production: SIC 13;Natural Gas; Gas well pneumatic devices""",0,0,0,1.753787255424421e+08,0,0,0,87.2557149041768,0,0,0,58.46067005065594,0,0,0,11.091985654685514,0,0,0,1.059292937786789,0,0,0,1.5480686104777739,0,0,0,1.9911011776938747,0,0,0,13.104596447049145,0,0,0,14.532755436777926,0,0,0,52.11822064850088
np_oilgas,2310011450,"""Industrial Processes;Oil and Gas Exploration and Production;On-Shore Oil Production;Wellhead""",0,0,0,1.1097318174068183e+08,0,0,0,49.159973164620276,0,0,0,28.441382253503914,0,0,0,4.364719114930172,0,0,0,0.4587988097485636,0,0,0,0.894616251752081,0,0,0,0.9890352039262306,0,0,0,14.011421501805478,0,0,0,7.970487857761857,0,0,0,28.835800898559445
np_oilgas,2310021509,"""Industrial Processes;Oil and Gas Exploration and Production;On-Shore Gas Production;Fugitives: All Processes""",25.491898499999998,0,0,289657.09445699997,5.386283407017347e-05,0,0,0.27955081356121836,3.921772970489884e-05,0,0,0.23007145576115665,4.6501694807252866e-06,0,0,0.02428059554327862,8.401165303918002e-08,0,0,0.0003358919955035174,2.5804609755363575e-06,0,0,0.00725589570397847,9.482138799302735e-07,0,0,0.004736734544097457,6.382248349775388e-06,0,0,0.012870240741673148,6.68233662448918e-06,0,0,0.03210624863940767,3.6950369842451874e-05,0,0,0.193532968330042
np_oilgas,2310022505,"""Industrial Processes;Oil and Gas Exploration and Production;Off-Shore Gas Production;Fugitives; Valves: Gas""",0,0,0,15.3384843993,0,0,0,1.5230408078246943e-05,0,0,0,6.457193664842077e-06,0,0,0,2.9692216832089404e-06,0,0,0,4.331526050376699e-08,0,0,0,5.084968130004833e-07,0,0,0,1.9581173129428522e-07,0,0,0,5.056368915044263e-06,0,0,0,2.65838297633468e-06,0,0,0,8.848902720776325e-06
np_oilgas,2310023600,"""Industrial Processes; Oil and Gas Production; CBM; Venting - Compressor Shutdown""",18178.584347679,,150780.6968757,393078.23478161934,0.01785818642385945,0,0.7975638578481924,0.30478791374390357,0.01331734730875298,0,0.5226059924935466,0.19053249069388123,0.0024075660605601496,0,0.2009398132475217,0.0921596872723737,0.00015047512790387964,0,0.0033544229308738295,0.001486527120839585,0.0002455482862754679,0,0.015028407731525629,0.003994847491806914,0.0003286987440543967,0,0.01294116279435632,0.0036547305532352043,0.001408550908042517,0,0.042694059697412266,0.01295963101343724,0.0028303744501115154,0,0.1342015864133161,0.058470167197842295,0.01081487203691606,0,0.48123310633062233,0.17253984128108088
np_oilgas,2310021102,"""Industrial Processes;Oil and Gas Exploration and Production;On-Shore Gas Production;Natural Gas Fired 2Cycle Lean Burn Compressor Engines 50 To 499 HP""",7.506453308769739e+06,200436.86981934775,3226.066194941467,1.1413031637375061e+06,7.391153811319842,1.4213249545379516,0.009390751985475723,0.517432020899723,4.774515218624052,0.7257750603930423,0.005854170427675431,0.2349685598744423,0.6800855936725014,0.14562728512679124,0.0011829208067689406,0.04025335614925156,0.08519099483052485,0.010495210527888267,9.240706319900328e-05,0.0031996123242081834,0.11722865954951368,0.030730910410612086,0.00021808938733954258,0.008546607277915156,0.1584985337354937,0.02491674292348137,0.00020808007261725726,0.007353611859327227,1.5756348061034677,0.48377974360130166,0.0018350842235361432,0.22311027258088426,1.2348104860131133,0.26332776112836714,0.0015180813325948762,0.10225503661269052,4.353959954430768,0.8152186502177555,0.005668007787138323,0.28625503721880124
np_oilgas,2310020700,"""Industrial Processes;Oil and Gas Production: SIC 13;Natural Gas; Gas well fugitives""",,,,7.4455947887849985e+06,0,0,0,1.1977088390897197,0,0,0,0.9688314258519408,0,0,0,0.07596354965699166,0,0,0,0.017583197437443663,0,0,0,0.020066726797916275,0,0,0,0.02133793989805234,0,0,0,0.09392599898323233,0,0,0,0.15703696575655568,0,0,0,0.7840658817032022
