Sector: ,SCC: ,SCC Descriptions: ,NH3 (kg) Emissions,NOX (kg) Emissions,PM25-PRI (kg) Emissions,SO2 (kg) Emissions,VOC (kg) Emissions,Deaths from NH3 to TotalPop,Deaths from NOX to TotalPop,Deaths from PM25-PRI to TotalPop,Deaths from SO2 to TotalPop,Deaths from VOC to TotalPop,Deaths from NH3 to WhiteNoLat,Deaths from NOX to WhiteNoLat,Deaths from PM25-PRI to WhiteNoLat,Deaths from SO2 to WhiteNoLat,Deaths from VOC to WhiteNoLat,Deaths from NH3 to Black,Deaths from NOX to Black,Deaths from PM25-PRI to Black,Deaths from SO2 to Black,Deaths from VOC to Black,Deaths from NH3 to Native,Deaths from NOX to Native,Deaths from PM25-PRI to Native,Deaths from SO2 to Native,Deaths from VOC to Native,Deaths from NH3 to Asian,Deaths from NOX to Asian,Deaths from PM25-PRI to Asian,Deaths from SO2 to Asian,Deaths from VOC to Asian,Deaths from NH3 to Other,Deaths from NOX to Other,Deaths from PM25-PRI to Other,Deaths from SO2 to Other,Deaths from VOC to Other,Deaths from NH3 to Latino,Deaths from NOX to Latino,Deaths from PM25-PRI to Latino,Deaths from SO2 to Latino,Deaths from VOC to Latino,Deaths from NH3 to Poverty,Deaths from NOX to Poverty,Deaths from PM25-PRI to Poverty,Deaths from SO2 to Poverty,Deaths from VOC to Poverty,Deaths from NH3 to TwoXPov,Deaths from NOX to TwoXPov,Deaths from PM25-PRI to TwoXPov,Deaths from SO2 to TwoXPov,Deaths from VOC to TwoXPov
c3marine,2280003100,"""Mobile Sources;Marine Vessels""",173.2692233555,182796.870315,15614.9762436,124935.8126922,6075.00789738,0.4287638686,104.1525421942,141.7593615101,130.6878625725,3.1873959536,0.1906546339,44.8477821195,61.1477748132,65.5536750023,1.3451510389,0.0663995491,16.9232173405,27.7128567495,21.2182965276,0.611857215,0.0012575551,0.3613171659,0.3958390475,0.4400382042,0.0093977126,0.0358573272,8.3236736294,9.5826093247,7.8927397906,0.2106021635,0.0094555449,2.3131601803,3.1305215422,2.4598046598,0.066689014,0.1251392587,31.3833917873,39.7897599822,33.1233083074,0.9436988082,0.0649931471,17.8751441698,24.922059436,20.4847105359,0.5737539933,0.2716802968,62.9559502003,85.304683485,81.6221159442,1.8905360235
c3marine,2280003200,"""Mobile Sources;Marine Vessels""",38.0391186246,209332.376204581,7289.5352458973,63169.5463583175,8325.0463268685,0.1454238767,56.7873919903,82.7987022347,93.5370573606,1.6263824,0.0745304041,33.6053460886,39.6391455312,54.3055348868,0.8281325721,0.0224654784,8.6019618238,13.8501846173,14.0291813452,0.2606468765,0.0003426227,0.1989438547,0.1690667783,0.2874484568,0.0039134903,0.0058819497,2.9554460853,4.176433996,3.5508941578,0.0648762261,0.0025053869,1.0908973523,1.4334159699,1.7448100592,0.0270359268,0.039698035,10.3347967912,23.5304553014,19.6191884198,0.4417773077,0.0208019967,8.2982552659,13.3698951691,13.1565761073,0.2616442012,0.094789377,37.0839716869,52.1029014118,61.217663063,1.0193783977
c3marine,2280004000,"""Mobile Sources;Marine Vessels""",,0,0,0,0,0,0.0046863309,0.0082565029,0.0001728508,0.0080634198,0,0.0033809367,0.0055999063,0.0001242233,0.0056249287,0,0.0002199144,0.0004805835,9.00378791310722E-06,0.0004234821,0,5.02864095438208E-05,0.000061859,1.89925714918569E-06,6.73542935150146E-05,0,0.0004301947,0.0010009732,1.51981397780979E-05,0.0008838821,0,0.0002125851,0.0004210464,7.26061544868422E-06,0.0004027212,0,0.0003924136,0.0006921345,1.52657381609453E-05,0.0006610513,0,0.0005525309,0.000987413,0.000020639,0.0009412889,0,0.0033503966,0.0059843495,0.0001229692,0.0058539044
np_oilgas,2310023302,"""Industrial Processes;Oil and Gas Exploration and Production;Coal Bed Methane Natural Gas;CBM Fired 4Cycle Rich Burn Compressor Engines 50 To 499 HP""",,0,0,0,0,0,18.0336338162,1.6952674159,0.0178850362,0.1109006353,0,12.8646839561,1.0735170779,0.0121357811,0.0735240925,0,3.4975219133,0.4627069843,0.0039990188,0.026904797,0,0.1552779114,0.0149851463,9.69817763140432E-05,0.0014209609,0,0.2292204861,0.0264847373,0.0003200193,0.0013723073,0,0.3128748258,0.0258072027,0.0003089086,0.0016504718,0,0.9740547468,0.0917662716,0.0010243267,0.0060280061,0,3.1484271848,0.3104365045,0.0030028104,0.0205498331,0,10.558702848,0.9834036456,0.0107755619,0.0635154281
np_oilgas,2310022051,"""Industrial Processes;Oil and Gas Exploration and Production;Off-Shore Gas Production;Turbines: Natural Gas""",,119.13879168,0.7081032518,1.3027448756,0.7816487397,0,0.0081750021,0.0005345712,0.0003141347,3.21916011316813E-05,0,0.0041856216,0.0002201004,0.0001452328,1.36481851768023E-05,0,0.0013468204,0.0001097984,4.75373699852964E-05,6.27586557574671E-06,0,0.000042514,1.64076137765003E-06,0.000001258,9.1552921264637E-08,0,0.0002828853,2.02237742604811E-05,1.31041935404007E-05,1.07477949594692E-06,0,0.0001289917,7.250390045074E-06,4.84744697362541E-06,4.13875619970571E-07,0,0.0021881692,0.0001755575,0.0001021549,1.06873423200674E-05,0,0.0012820031,9.51483422974646E-05,0.000051916,5.61886474899475E-06,0,0.00496364,0.0003098908,0.0001897307,1.87033957311914E-05
np_oilgas,2310023603,"""Industrial Processes;Oil and Gas Exploration and Production;Coal Bed Methane Natural Gas;Venting - Blowdowns""",,0,0,0,1629.83949915,0,0,0,0,2.2136415554,0,0,0,0,1.6568248122,0,0,0,0,0.1280074525,0,0,0,0,0.024786947,0,0,0,0,0.0382568045,0,0,0,0,0.0545688024,0,0,0,0,0.3111967322,0,0,0,0,0.3018373984,0,0,0,0,1.4336600542
np_oilgas,2310021030,"""Industrial Processes;Oil and Gas Exploration and Production;On-Shore Gas Production;Tank Truck/Railcar Loading: Condensate""",,,,,0,0,0,0,0,8.0646180197,0,0,0,0,4.4571456401,0,0,0,0,0.9159034436,0,0,0,0,0.0941740731,0,0,0,0,0.1821300328,0,0,0,0,0.1723238151,0,0,0,0,2.2429410085,0,0,0,0,1.4258076349,0,0,0,0,4.7082086677
np_oilgas,2310021202,"""Industrial Processes;Oil and Gas Exploration and Production;On-Shore Gas Production;Natural Gas Fired 4Cycle Lean Burn Compressor Engines 50 To 499 HP""",,0,0,0,0,0,31.3443408953,2.1653816991,0.0558265149,1.1709168201,0,23.6408683186,1.5450990658,0.0395152027,0.8534729788,0,4.0753162974,0.3503536441,0.0094303633,0.1785694692,0,0.4174058184,0.0254886798,0.0004179773,0.0177552541,0,0.4618413646,0.0412751058,0.0012176177,0.0160135607,0,0.7778805573,0.0515053198,0.0011973961,0.0279112303,0,1.9710285584,0.1516598846,0.0040479577,0.0771943275,0,5.148793826,0.3593360119,0.0087861852,0.2034304981,0,18.7750112632,1.3108397795,0.0345668754,0.687359172
np_oilgas,2310021010,"""Industrial Processes;Oil and Gas Exploration and Production;On-Shore Gas Production;Storage Tanks: Condensate""",,0,,0,0,0,0.6621697646,0,0.0496132005,176.8178254399,0,0.5180103506,0,0.0368002604,91.4871229053,0,0.0616470882,0,0.0057617418,23.2764452058,0,0.008272887,0,0.0002887282,1.3937740755,0,0.0115033417,0,0.0015770613,4.453446034,0,0.0152169287,0,0.00092149,3.0053375788,0,0.0475191686,0,0.0042639188,53.2016994238,0,0.0946302484,0,0.0066926038,31.7396947021,0,0.4189677701,0,0.032995821,102.9835963396
np_oilgas,2310023516,"""Industrial Processes;Oil and Gas Exploration and Production;Coal Bed Methane Natural Gas;Fugitives:  Other""",,,,,0,0,0,0,0,1.3098556986,0,0,0,0,0.8652834837,0,0,0,0,0.3547038219,0,0,0,0,0.0064916546,0,0,0,0,0.0164700877,0,0,0,0,0.0174122274,0,0,0,0,0.0494944257,0,0,0,0,0.2480666308,0,0,0,0,0.7433679024
np_oilgas,2310021602,"""Industrial Processes;Oil and Gas Exploration and Production;On-Shore Gas Production;Gas Well Venting - Recompletions""",,,,,67753.3838805,0,0,0,0,2.1633816343,0,0,0,0,1.6223536049,0,0,0,0,0.1110768913,0,0,0,0,0.0140911415,0,0,0,0,0.038752477,0,0,0,0,0.0430918303,0,0,0,0,0.3340156838,0,0,0,0,0.2819037769,0,0,0,0,1.4253468887
np_oilgas,2310021502,"""Industrial Processes;Oil and Gas Exploration and Production;On-Shore Gas Production;Fugitives: Flanges""",,,,,0,0,0,0,0,1.7335418185,0,0,0,0,1.1562533019,0,0,0,0,0.2021526173,0,0,0,0,0.0166979439,0,0,0,0,0.033594114,0,0,0,0,0.0347464177,0,0,0,0,0.2900974238,0,0,0,0,0.2866826495,0,0,0,0,1.040829825
np_oilgas,2310021102,"""Industrial Processes;Oil and Gas Exploration and Production;On-Shore Gas Production;Natural Gas Fired 2Cycle Lean Burn Compressor Engines 50 To 499 HP""",,24828.201954,1209.6949101,17.5724456055,6668.8076535,0,7.3911538113,1.4213249545,0.009390752,0.5174320209,0,4.7745152186,0.7257750604,0.0058541704,0.2349685599,0,0.6800855937,0.1456272851,0.0011829208,0.0402533561,0,0.0851909948,0.0104952105,9.24070631990033E-05,0.0031996123,0,0.1172286595,0.0307309104,0.0002180894,0.0085466073,0,0.1584985337,0.0249167429,0.0002080801,0.0073536119,0,1.5756348061,0.4837797436,0.0018350842,0.2231102726,0,1.234810486,0.2633277611,0.0015180813,0.1022550366,0,4.3539599544,0.8152186502,0.0056680078,0.2862550372
np_oilgas,2310023202,"""Industrial Processes;Oil and Gas Exploration and Production;Coal Bed Methane Natural Gas;CBM Fired 4Cycle Lean Burn Compressor Engines 50 To 499 HP""",,0,0,0,0,0,4.4243523118,0.410527696,0.0085981823,0.2201221909,0,3.1690119647,0.2626367401,0.005882982,0.1468122683,0,0.819797646,0.1071779249,0.0018532171,0.0514616392,0,0.0521630001,0.0043778887,5.51778431842078E-05,0.0032408211,0,0.0566496177,0.0064469783,0.0001532424,0.0027381948,0,0.0913991484,0.007030782,0.0001574166,0.0037615533,0,0.23533094,0.0228573831,0.0004961464,0.0121077147,0,0.7766617325,0.0748501048,0.0014397435,0.0407166079,0,2.5817533085,0.2384310205,0.005182221,0.1260514297
np_oilgas,2310022420,"""Industrial Processes;Oil and Gas Exploration and Production;Off-Shore Gas Production;Dehydrator""",,0,0,0,12.1260697395,0,0,0,0,0.0005979668,0,0,0,0,0.0002535184,0,0,0,0,0.0001165758,0,0,0,0,1.70061757648729E-06,0,0,0,0,1.99642945102622E-05,0,0,0,0,7.6878400013053E-06,0,0,0,0,0.0001985199,0,0,0,0,0.0001043718,0,0,0,0,0.0003474201
np_oilgas,2310012516,"""Industrial Processes;Oil and Gas Exploration and Production;Off-Shore Oil Production;Fugitives; Other: Oil""",,0,0,0,0,0,0,0,0,5.9458527870319E-08,0,0,0,0,2.70518826870003E-08,0,0,0,0,6.55749949289975E-09,0,0,0,0,1.8501015262909E-10,0,0,0,0,1.2899364376056E-09,0,0,0,0,8.99042386796405E-10,0,0,0,0,2.34751565331009E-08,0,0,0,0,1.02331245689623E-08,0,0,0,0,3.46586899458089E-08
np_oilgas,2310111401,"""Industrial Processes;Oil and Gas Exploration and Production;On-Shore Oil Exploration;Oil Well Pneumatic Pumps""",,,,,58.865783154,0,0.006506647,0,0,11.0723965403,0,0.0053499021,0,0,7.5376754523,0,0.0004271003,0,0,1.3567936915,0,6.27599484406956E-05,0,0,0.1345823275,0,0.0001191811,0,0,0.1949624112,0,0.0001098129,0,0,0.2392505695,0,0.0004378906,0,0,1.6091320844,0,0.0008422236,0,0,1.7489924062,0,0.0042786298,0,0,6.7392941861
np_oilgas,2310023300,"""Industrial Processes;Oil and Gas Exploration and Production;Coal Bed Methane Natural Gas;Pneumatic Devices""",,,,,0,0,0,0,0,7.0914496003,0,0,0,0,4.9021260255,0,0,0,0,1.3660371482,0,0,0,0,0.0623280861,0,0,0,0,0.0996666148,0,0,0,0,0.1313535707,0,0,0,0,0.5299381595,0,0,0,0,1.1996318778,0,0,0,0,4.2309723742
np_oilgas,2310021505,"""Industrial Processes;Oil and Gas Exploration and Production;On-Shore Gas Production;Fugitives:  Valves""",,0,0,0,81423.663927,0,0,0,0,18.0819111541,0,0,0,0,13.191181025,0,0,0,0,1.9834373043,0,0,0,0,0.2344825848,0,0,0,0,0.3097240829,0,0,0,0,0.4363818629,0,0,0,0,1.9267043036,0,0,0,0,2.978126137,0,0,0,0,10.8715681422
np_oilgas,2310111100,"""Industrial Processes;Oil and Gas Exploration and Production;On-Shore Oil Exploration;Mud Degassing""",,,,,0,0,0,0,0,17.3631417333,0,0,0,0,11.9628400394,0,0,0,0,1.5589862672,0,0,0,0,0.2499529665,0,0,0,0,0.2819649137,0,0,0,0,0.4239464052,0,0,0,0,2.8854511532,0,0,0,0,2.7323509977,0,0,0,0,10.4590713157
np_oilgas,2310021103,"""Industrial Processes;Oil and Gas Exploration and Production;On-Shore Gas Production;Natural Gas Fired 2Cycle Lean Burn Compressor Engines 500+ HP""",,0,0,0,0,0,0.0187629581,0.011677853,0.000072473,0.0036067436,0,0.0133619772,0.0068349411,4.31070876778199E-05,0.0022038603,0,0.0019173903,0.0017954122,1.11598019935003E-05,0.000530035,0,0.0003324867,9.80054061694775E-05,7.29890518848772E-07,2.80318740754588E-05,0,0.0003163655,0.0003222439,2.05992620413428E-06,7.69791391515803E-05,0,0.0005125679,0.0002381317,1.62723713930639E-06,6.69387500765904E-05,0,0.0023221705,0.0023891187,1.37890803851711E-05,0.0007008986,0,0.0029112264,0.0019248673,1.1881385136921E-05,0.0005930639,0,0.0113904536,0.0069507274,4.35095126770955E-05,0.0021240149
np_oilgas,2310023010,"""Industrial Processes;Oil and Gas Exploration and Production;Coal Bed Methane Natural Gas;Storage Tanks: Condensate""",,0,,0,0,0,0.0003176855,0,0,0.0597108643,0,0.0002521006,0,0,0.046028426,0,0.000027413,0,0,0.0050070817,0,7.33224325428713E-06,0,0,0.001963639,0,4.53411988219636E-06,0,0,0.0007883054,0,0.00001036,0,0,0.00210106,0,1.59455685037633E-05,0,0,0.0038223525,0,4.80954519795979E-05,0,0,0.0090905597,0,0.0001964121,0,0,0.0367991742
np_oilgas,2310023512,"""Industrial Processes;Oil and Gas Exploration and Production;Coal Bed Methane Natural Gas;Fugitives: Flanges""",,,,,0,0,0,0,0,0.133882179,0,0,0,0,0.0886852524,0,0,0,0,0.0355316489,0,0,0,0,0.0008070393,0,0,0,0,0.001685183,0,0,0,0,0.0018642575,0,0,0,0,0.0053087981,0,0,0,0,0.0252504976,0,0,0,0,0.076107815
np_oilgas,2310121700,"""Industrial Processes;Oil and Gas Exploration and Production;Off-Shore Oil Exploration;Oil Well Completion: All Processes""",,,,,0,0,0.891644296,0.1143901052,9.2558287199,6.0672013887,0,0.7234147895,0.0866457958,6.0844235117,3.9916006953,0,0.0673698437,0.0112438045,1.8059741346,0.6866492357,0,0.0090973661,0.0013799482,0.0218125152,0.0667514153,0,0.0162345938,0.0030317118,0.380694366,0.1235658291,0,0.0158914942,0.0021510832,0.1897241039,0.1124056628,0,0.0596362088,0.0099377617,0.773200102,1.0862285548,0,0.1186937006,0.0153748998,1.1682579875,0.9883228391,0,0.5804118907,0.0755337305,6.3422636933,3.6700980952
np_oilgas,2310011504,"""Industrial Processes;Oil and Gas Exploration and Production;On-Shore Oil Production;Fugitives:  Pumps""",,0,0,0,0,0,0,0,0,2.1038049496,0,0,0,0,1.2347683052,0,0,0,0,0.2035364325,0,0,0,0,0.0202978414,0,0,0,0,0.0403034713,0,0,0,0,0.0429763575,0,0,0,0,0.5619225389,0,0,0,0,0.3436160163,0,0,0,0,1.2336993113
np_oilgas,2310023511,"""Industrial Processes;Oil and Gas Exploration and Production;Coal Bed Methane Natural Gas;Fugitives: Connectors""",,,,,0,0,0,0,0,0.6170111044,0,0,0,0,0.4154575857,0,0,0,0,0.1492150919,0,0,0,0,0.006832145,0,0,0,0,0.0078738597,0,0,0,0,0.0121614763,0,0,0,0,0.0254709467,0,0,0,0,0.11567936,0,0,0,0,0.3508820868
np_oilgas,2310021351,"""Industrial Processes;Oil and Gas Exploration and Production;On-Shore Gas Production;Lateral Compressors 4 Cycle Rich Burn""",,0,0,0,0,0,90.5089999766,9.7012938677,0.1369170871,0.4761075458,0,68.0349626337,6.9045726831,0.0932126536,0.3604765012,0,12.2610330105,1.4467713439,0.022149768,0.0649260076,0,0.6556216555,0.053902129,0.0005802291,0.003546662,0,1.8478718253,0.3031566544,0.0052039747,0.0088888495,0,1.7984300571,0.2027812516,0.0027928016,0.0096251909,0,5.9110808437,0.7901098127,0.0129776603,0.0286443349,0,13.554729083,1.3983702703,0.0190229779,0.0731619296,0,56.7890728594,6.2705383841,0.0903710359,0.2952907148
np_oilgas,2310000230,"""Industrial Processes;Oil and Gas Exploration and Production;All Processes;Workover Rigs""",,30862.4337,0,15.603582,824.994039,0,10.7805887471,3.1430334768,0.4138873036,0.1630135905,0,8.1811855421,2.1092351439,0.2555072738,0.1282227592,0,0.9741987885,0.3952340079,0.0578035394,0.0130710815,0,0.0198983756,0.0047716478,0.0007203125,0.0003478527,0,0.3981318157,0.1693413121,0.0263501903,0.0048950399,0,0.1854410464,0.0584333691,0.0081227859,0.0027685451,0,1.0217331812,0.4060179983,0.0653832019,0.0137083122,0,1.3001574688,0.3964402723,0.052573304,0.0197151168,0,7.3805023111,2.1630640141,0.2875713364,0.1106993997
np_oilgas,2310010100,"""Industrial Processes;Oil and Gas Production: SIC 13;Crude Petroleum; Oil well heaters""",,0,0,,0,0,39.7679716935,18.5642630805,0.0724827171,0.6182689247,0,29.2434733204,12.3707935328,0.0539754367,0.4096875478,0,6.0406998795,3.7847200552,0.0080779372,0.142319288,0,0.3650786013,0.1434765804,0.0003211826,0.0059759054,0,0.6068641771,0.3605596453,0.0018376753,0.0083750879,0,0.8319458965,0.3871540469,0.0014220747,0.0127524538,0,2.679909848,1.5175592279,0.0068484107,0.0391586424,0,6.3419198767,3.1172593844,0.0101940834,0.1101017613,0,24.2694824577,11.2640600692,0.0471892314,0.3611556447
np_oilgas,2310011502,"""Industrial Processes;Oil and Gas Exploration and Production;On-Shore Oil Production;Fugitives: Flanges""",,,,,0,0,0,0,0,0.4738107603,0,0,0,0,0.3416279377,0,0,0,0,0.0452890192,0,0,0,0,0.008354746,0,0,0,0,0.0074984829,0,0,0,0,0.012689999,0,0,0,0,0.0583505759,0,0,0,0,0.074675124,0,0,0,0,0.2867301852
np_oilgas,2310010700,"""Industrial Processes;Oil and Gas Production: SIC 13;Crude Petroleum; Oil well fugitives""",,,,,67600.0696155,0,0,0,0,5.9776054902,0,0,0,0,4.4193314083,0,0,0,0,0.3198209104,0,0,0,0,0.0456588058,0,0,0,0,0.1075130406,0,0,0,0,0.1111967809,0,0,0,0,0.9740845229,0,0,0,0,0.7740418536,0,0,0,0,3.9401750751
np_oilgas,2310030300,"""Industrial Processes;Oil and Gas Exploration and Production;Natural Gas Liquids;Gas Well Water Tank Losses""",,,,,1.1793405,0,0,0,0,0.0003105138,0,0,0,0,0.000227697,0,0,0,0,1.65412246290371E-05,0,0,0,0,1.50173287481686E-06,0,0,0,0,5.17982227490784E-06,0,0,0,0,0.000005506,0,0,0,0,0.000054088,0,0,0,0,4.19033077306262E-05,0,0,0,0,0.0002019954
np_oilgas,2310012000,"""Industrial Processes;Oil and Gas Production: SIC 13;Crude Petroleum : Off-shore;Total: All Processes""",,0,0,0,0,0,0.1241992972,0.0089375817,0.0001490241,0.0023159366,0,0.0671843699,0.0039840758,7.0654418042588E-05,0.0010537336,0,0.0131112219,0.0011394048,1.59036827290489E-05,0.0002554134,0,0.0008601921,3.65785602819607E-05,7.52773410310249E-07,7.20757627760839E-06,0,0.0027300095,0.0002405311,4.2088621616138E-06,0.000050246,0,0.0022762264,0.0001416476,2.52128153828828E-06,3.50191600352062E-05,0,0.0380372768,0.0033953438,5.49830887532428E-05,0.0009143168,0,0.0199891049,0.0015602653,2.50077952170277E-05,0.0003985757,0,0.0742420209,0.0052142128,8.87198202873728E-05,0.0013499926
np_oilgas,2310021011,"""Industrial Processes;Oil and Gas Exploration and Production;On-Shore Gas Production;Condensate Tank Flaring""",,51903.68259,,,,0,0.2839785153,1.41878885987878E-06,0,0.0011357336,0,0.222129944,1.00442163871169E-06,0,0.0007993629,0,0.0182178442,1.25741737876866E-07,0,0.000066715,0,0.0015456074,4.27161510778044E-08,0,4.50979423482645E-05,0,0.005442299,2.34338227669556E-08,0,1.38387245506557E-05,0,0.0055333888,2.99071708356165E-08,0,2.2494717454045E-05,0,0.0311094318,1.92568341453768E-07,0,0.0001882243,0,0.0382960908,2.13241874833796E-07,0,0.0001701277,0,0.1853089747,8.85319752280897E-07,0,0.000701038
np_oilgas,2310021251,"""Industrial Processes;Oil and Gas Exploration and Production;On-Shore Gas Production;Lateral Compressors 4 Cycle Lean Burn""",,0,0,0,0,0,16.2206532753,1.3435336404,0.0371330237,0.5663555659,0,12.674025454,0.9740457837,0.0254970394,0.4470805377,0,1.5727694621,0.1769345822,0.0058129389,0.0528785372,0,0.1766075554,0.0104942388,0.0001832953,0.0065037343,0,0.3465413928,0.0427063624,0.0014289148,0.0112579161,0,0.3917186574,0.0308636235,0.0007864512,0.013532293,0,1.0589907701,0.1084890511,0.0034243841,0.0351025482,0,2.3481206106,0.1925029596,0.005129393,0.0836585129,0,10.275917877,0.870015057,0.024571204,0.3555920218
np_oilgas,2310021303,"""Industrial Processes;Oil and Gas Exploration and Production;On-Shore Gas Production;Natural Gas Fired 4Cycle Rich Burn Compressor Engines 500+ HP""",,7121.9647047,29.9313897345,1.7559745016,190.230344205,0,0.1480073856,0.0034821677,9.1097473716341E-05,0.0012828488,0,0.1102415091,0.0024292611,6.31093252489871E-05,0.0009274648,0,0.0132178234,0.0003756253,1.19091252055165E-05,0.000109953,0,0.0032012697,6.16521025817547E-05,1.67327039503802E-06,2.32192678099444E-05,0,0.0022085373,7.12481766957069E-05,1.9164600428849E-06,2.05252026856926E-05,0,0.004540838,0.0001006461,2.76689174445262E-06,3.51036557820218E-05,0,0.0145974084,0.0004437349,9.72240111957697E-06,0.0001665829,0,0.0225262548,0.0005214777,1.44737136542262E-05,0.0001856143,0,0.0905135286,0.0021658496,5.55002206681183E-05,0.0008011467
np_oilgas,2310011500,"""Industrial Processes;Oil and Gas Exploration and Production;On-Shore Oil Production;Fugitives: All Processes""",,,,,1697470.1409,0,0,0,0,0.4595771091,0,0,0,0,0.3611214701,0,0,0,0,0.0252179443,0,0,0,0,0.0070424634,0,0,0,0,0.0079503652,0,0,0,0,0.0097613276,0,0,0,0,0.0484835371,0,0,0,0,0.0596970156,0,0,0,0,0.3039645993
np_oilgas,2310012522,"""Industrial Processes;Oil and Gas Exploration and Production;Off-Shore Oil Production;Fugitives; Flanges: Oil/Water""",,0,0,0,0.0070176475,0,0,0,0,4.1535216427307E-09,0,0,0,0,1.88708683798471E-09,0,0,0,0,4.5759265889056E-10,0,0,0,0,1.29211500195595E-11,0,0,0,0,9.01373905187419E-11,0,0,0,0,6.27923268731898E-11,0,0,0,0,1.64299126581883E-09,0,0,0,0,7.14969832422164E-10,0,0,0,0,2.42081192716052E-09
np_oilgas,2310002401,"""Industrial Processes;Oil and Gas Exploration and Production;Off-Shore Oil And Gas Production;Pneumatic Pumps: Gas And Oil Wells""",,0,0,0,1.533324087,0,0,0,0,0.000084373,0,0,0,0,3.57713991670443E-05,0,0,0,0,1.64488108736157E-05,0,0,0,0,0.00000024,0,0,0,0,0.000002817,0,0,0,0,1.0847529876692E-06,0,0,0,0,2.80111501649478E-05,0,0,0,0,1.47268425619479E-05,0,0,0,0,4.90209270998455E-05
np_oilgas,2310021605,"""Industrial Processes;Oil and Gas Exploration and Production;On-Shore Gas Production;Gas Well Venting - Compressor Shutdowns""",,,,,108263.4579,0,0,0,0,0.180938569,0,0,0,0,0.1410989375,0,0,0,0,0.0104975766,0,0,0,0,0.0017430088,0,0,0,0,0.0032686395,0,0,0,0,0.0037859386,0,0,0,0,0.0205444673,0,0,0,0,0.0238781785,0,0,0,0,0.1193601263
np_oilgas,2310022105,"""Industrial Processes;Oil and Gas Exploration and Production;Off-Shore Gas Production;Diesel Engines""",,1641.1339524,104.508619185,140.86950117,212.65142148,0,0.0061322899,0.0041678343,0.0018651079,0.0004513972,0,0.0031620779,0.0017299863,0.0008651798,0.0001921945,0,0.0009646164,0.0008241138,0.000271301,8.57721169390102E-05,0,3.3222358180788E-05,1.32118920990976E-05,7.72609832717744E-06,1.29083441413415E-06,0,0.0002024591,0.0001532,7.44987673477092E-05,1.47629470315495E-05,0,9.87266912577081E-05,5.74653422196414E-05,2.91455443259131E-05,5.86306800208546E-06,0,0.0016711874,0.001389857,0.0006172566,0.0001515137,0,0.0009648476,0.0007404323,0.000308864,7.87245439594443E-05,0,0.0037161006,0.0024176113,0.001124366,0.0002623132
np_oilgas,2310021504,"""Industrial Processes;Oil and Gas Exploration and Production;On-Shore Gas Production;Fugitives:  Pumps""",,0,0,0,0,0,0,0,0,0.3123482903,0,0,0,0,0.1720765757,0,0,0,0,0.0354216098,0,0,0,0,0.0024072831,0,0,0,0,0.007064034,0,0,0,0,0.0055664776,0,0,0,0,0.0898123098,0,0,0,0,0.0543852782,0,0,0,0,0.1830506905
np_oilgas,2310021310,"""Industrial Processes;Oil and Gas Exploration and Production;On-Shore Gas Production;Gas Well Pneumatic Pumps""",,0,0,0,3682.808226,0,0,0,0,1.2641156306,0,0,0,0,0.9387102704,0,0,0,0,0.0706801196,0,0,0,0,0.0249921317,0,0,0,0,0.0205941404,0,0,0,0,0.0243873699,0,0,0,0,0.1847515963,0,0,0,0,0.1762283363,0,0,0,0,0.810300683
np_oilgas,2310023509,"""Industrial Processes;Oil and Gas Exploration and Production;Coal Bed Methane Natural Gas;Fugitives""",,0,0,0,271166.66835,0,0,0,0,3.5905878019,0,0,0,0,2.645394624,0,0,0,0,0.1953334677,0,0,0,0,0.0171173452,0,0,0,0,0.0624572734,0,0,0,0,0.0651790514,0,0,0,0,0.6051060267,0,0,0,0,0.4732178244,0,0,0,0,2.349971546
np_oilgas,2310023602,"""Industrial Processes;Oil and Gas Exploration and Production;Coal Bed Methane Natural Gas;Venting - Recompletions""",,0,0,0,469.25777058,0,0,0,0,1.2201178305,0,0,0,0,0.9129817043,0,0,0,0,0.0626346598,0,0,0,0,0.0061646614,0,0,0,0,0.0220889332,0,0,0,0,0.0240568879,0,0,0,0,0.1921909805,0,0,0,0,0.1576343874,0,0,0,0,0.8059920704
np_oilgas,2310021500,"""Industrial Processes;Oil and Gas Production: SIC 13;Natural Gas; Gas well completion - flaring and venting""",,623.3268135,127.0059,0,492.057144,0,1.025548389,0.2635983051,0.0157405945,0.2294921465,0,0.7496925546,0.1765388578,0.0092514663,0.1803111674,0,0.0952766535,0.0321084467,0.0021285547,0.0182539067,0,0.0015183105,0.0003785312,2.2172397385044E-05,0.0003049502,0,0.0465324987,0.01469725,0.0011543152,0.0080616979,0,0.0180707473,0.0048260561,0.000309604,0.0039424915,0,0.1144576244,0.0350491634,0.0028744819,0.0186179328,0,0.1237931268,0.0335204486,0.0019931401,0.0263204431,0,0.7086465702,0.180843565,0.0110199225,0.1603697265
np_oilgas,2310022506,"""Industrial Processes;Oil and Gas Exploration and Production;Off-Shore Gas Production;Fugitives; Other: Gas""",,0,0,0,0,0,0,0,0,3.69034515966427E-05,0,0,0,0,1.56458528595471E-05,0,0,0,0,7.19445488662204E-06,0,0,0,0,0.000000105,0,0,0,0,1.23209369401416E-06,0,0,0,0,4.744540716683E-07,0,0,0,0,1.22516426376597E-05,0,0,0,0,6.44129246643924E-06,0,0,0,0,0.000021441
np_oilgas,2310011501,"""Industrial Processes;Oil and Gas Exploration and Production;On-Shore Oil Production;Fugitives: Connectors""",,,,,587.72705973,0,0,0,0,6.7340335394,0,0,0,0,4.7196719559,0,0,0,0,1.0133981908,0,0,0,0,0.0643679524,0,0,0,0,0.1070231991,0,0,0,0,0.1435835125,0,0,0,0,0.6859887389,0,0,0,0,1.0993241236,0,0,0,0,4.05117037
np_oilgas,2310011503,"""Industrial Processes;Oil and Gas Exploration and Production;On-Shore Oil Production;Fugitives: Open Ended Lines""",,,,,0,0,0,0,0,1.7507305404,0,0,0,0,1.2441090051,0,0,0,0,0.2520764725,0,0,0,0,0.0201281018,0,0,0,0,0.0273652822,0,0,0,0,0.0401306266,0,0,0,0,0.1669210548,0,0,0,0,0.2854926735,0,0,0,0,1.053180568
np_oilgas,2310011506,"""Industrial Processes;Oil and Gas Exploration and Production;On-Shore Oil Production;Fugitives:  Other""",,0,0,0,1177.6168485,0,0,0,0,6.0685211693,0,0,0,0,3.5617504618,0,0,0,0,0.5871128225,0,0,0,0,0.0585505157,0,0,0,0,0.116257351,0,0,0,0,0.1239677395,0,0,0,0,1.6208822706,0,0,0,0,0.9911750047,0,0,0,0,3.5586662843
np_oilgas,2310011450,"""Industrial Processes;Oil and Gas Exploration and Production;On-Shore Oil Production;Wellhead""",,0,0,0,11121.2716335,0,0,0,0,49.1599731646,0,0,0,0,28.4413822535,0,0,0,0,4.3647191149,0,0,0,0,0.4587988097,0,0,0,0,0.8946162518,0,0,0,0,0.9890352039,0,0,0,0,14.0114215018,0,0,0,0,7.9704878578,0,0,0,0,28.8358008986
np_oilgas,2310023310,"""Industrial Processes;Oil and Gas Exploration and Production;Coal Bed Methane Natural Gas;Pneumatic Pumps""",,,,,12039.1614165,0,0,0,0,3.3053514557,0,0,0,0,2.2160819797,0,0,0,0,0.7492598862,0,0,0,0,0.0341358732,0,0,0,0,0.0428044899,0,0,0,0,0.0487193015,0,0,0,0,0.2143499301,0,0,0,0,0.5947584311,0,0,0,0,1.9202780686
np_oilgas,2310023601,"""Industrial Processes;Oil and Gas Exploration and Production;Coal Bed Methane Natural Gas;Venting - Initial Completions""",,0,0,0,0,0,0,0,0,2.5312810962,0,0,0,0,1.9004950909,0,0,0,0,0.1282272624,0,0,0,0,0.0129879956,0,0,0,0,0.0463531653,0,0,0,0,0.0506943126,0,0,0,0,0.3925232631,0,0,0,0,0.325384416,0,0,0,0,1.6767663585
np_oilgas,2310010200,"""Industrial Processes;Oil and Gas Production: SIC 13;Crude Petroleum; Oil well tanks - flashing & standing/working/breathing""",,0,,0,0,0,0.483601995,0,8.0952655362,73.728319619,0,0.4049547689,0,5.9882412481,52.1866690343,0,0.0255883342,0,0.9454030854,10.5552583676,0,0.0089995359,0,0.0542351715,1.2836715818,0,0.0092611773,0,0.2526428842,1.3178651481,0,0.0081790837,0,0.1534324985,1.6855806916,0,0.0266190943,0,0.7013106499,6.6992748271,0,0.0595440948,0,1.1060973343,11.4973481775,0,0.3251991269,0,5.3554298522,45.3711141025
np_oilgas,2310011000,"""Industrial Processes;Oil and Gas Production: SIC 13;Crude Petroleum : On-shore;Total: All Processes""",,0.1781030951,,0,1862.44173315,0,0.8705732161,0,23.3155205537,9.878823392,0,0.5554456338,0,13.3394864613,7.5230645751,0,0.0802032234,0,2.631137785,0.8895285218,0,0.0108368654,0,0.217939115,0.2423576407,0,0.0153159021,0,0.5710086797,0.179600271,0,0.0192615384,0,0.5033741482,0.1916777614,0,0.1895100522,0,6.052574349,0.8525946128,0,0.136902415,0,3.771435239,1.3499307598,0,0.5206064346,0,14.0276012277,6.4286288466
np_oilgas,2310021209,,,0,0,0,0,0,0,0,0,0,0,0,0,0,0,0,0,0,0,0,0,0,0,0,0,0,0,0,0,0,0,0,0,0,0,0,0,0,0,0,0,0,0,0,0,0,0,0,0,0
np_oilgas,2310020700,"""Industrial Processes;Oil and Gas Production: SIC 13;Natural Gas; Gas well fugitives""",,,,,469725.87804,0,0,0,0,1.1977088391,0,0,0,0,0.9688314259,0,0,0,0,0.0759635497,0,0,0,0,0.0175831974,0,0,0,0,0.0200667268,0,0,0,0,0.0213379399,0,0,0,0,0.093925999,0,0,0,0,0.1570369658,0,0,0,0,0.7840658817
np_oilgas,2310021301,"""Industrial Processes;Oil and Gas Exploration and Production;On-Shore Gas Production;Natural Gas Fired 4Cycle Rich Burn Compressor Engines <50 HP""",,3846.11059785,12.668838525,0.8331768477,18.475366836,0,1.5414474464,0.0343816226,0.0008971095,0.0027818026,0,1.0033307764,0.0191635665,0.0005502917,0.0014890492,0,0.1943222766,0.0048147769,0.0001326278,0.0003341724,0,0.0181844485,0.0002793532,8.95093205186717E-06,2.02925567897078E-05,0,0.0274970849,0.0008302043,2.20854184225131E-05,5.13512674510341E-05,0,0.0329952334,0.0006423783,1.96415592967605E-05,4.46906178699207E-05,0,0.2651176252,0.0086513434,0.000163512,0.0008422466,0,0.2582839225,0.0060240593,0.0001475535,0.0005084858,0,0.9032795237,0.0200493905,0.0005374144,0.0015798089
np_oilgas,2310023513,"""Industrial Processes;Oil and Gas Exploration and Production;Coal Bed Methane Natural Gas;Fugitives: Open Ended Lines""",,,,,0,0,0,0,0,0.2619933434,0,0,0,0,0.1751073455,0,0,0,0,0.0660733916,0,0,0,0,0.0023265204,0,0,0,0,0.0033217811,0,0,0,0,0.0044813384,0,0,0,0,0.0106829668,0,0,0,0,0.049244852,0,0,0,0,0.1489726332
np_oilgas,2310021411,"""Industrial Processes;Oil and Gas Exploration and Production;On-Shore Gas Production;Gas Well Dehydrators - Flaring""",,362.874,0,0,0,0,0.000328467,0,0,0,0,0.0002620481,0,0,0,0,2.10141668204776E-05,0,0,0,0,2.09828748463582E-06,0,0,0,0,0.000006002,0,0,0,0,6.15245761594123E-06,0,0,0,0,0.000031152,0,0,0,0,4.3900862011104E-05,0,0,0,0,0.0002146548,0,0,0
np_oilgas,2310121401,"""Industrial Processes;Oil and Gas Exploration and Production;Off-Shore Oil Exploration;Oil Well Pneumatic Pumps""",,,,,0,0,0.0982280181,0,0,41.6507076682,0,0.0806906817,0,0,28.555323471,0,0.0064684699,0,0,4.6731035096,0,0.0010167266,0,0,0.4082279636,0,0.0017801531,0,0,0.7949214214,0,0.0016611805,0,0,0.8372744539,0,0.0066108063,0,0,6.3818568513,0,0.0127542974,0,0,6.716473474,0,0.0644627961,0,0,25.2684866806
np_oilgas,2310023251,"""Industrial Processes;Oil and Gas Exploration and Production;Coal Bed Methane Natural Gas;Lateral Compressors 4 Cycle Lean Burn""",,0,0,0,0,0,1.1750650949,0.0999644469,0.0021685012,0.0512172722,0,0.8524855079,0.0651297029,0.0015032584,0.034566183,0,0.1929309399,0.0241195217,0.0004401219,0.0112867813,0,0.019735654,0.00134542,1.74660680644303E-05,0.0008877371,0,0.0153450216,0.0015887717,3.8458190245933E-05,0.0006458148,0,0.0304585763,0.0020561161,4.33961257391051E-05,0.0010995908,0,0.0641093963,0.0057249148,0.0001258005,0.0027311654,0,0.2056068622,0.0180998617,0.0003617614,0.0094662408,0,0.6851743534,0.0581668028,0.0013076219,0.0292891851
np_oilgas,2310011201,"""Industrial Processes;Oil and Gas Exploration and Production;On-Shore Oil Production;Tank Truck/Railcar Loading: Crude Oil""",,,,,3666.52425525,0,0,0,0,12.8481856647,0,0,0,0,7.7876114223,0,0,0,0,1.2411258155,0,0,0,0,0.1330019077,0,0,0,0,0.2856408145,0,0,0,0,0.2546262972,0,0,0,0,3.1461793961,0,0,0,0,2.0219533548,0,0,0,0,7.6727970715
np_oilgas,2310012515,"""Industrial Processes;Oil and Gas Exploration and Production;Off-Shore Oil Production;Fugitives; Valves: Oil""",,0,0,0,0,0,0,0,0,0.000000168,0,0,0,0,7.64260886148981E-08,0,0,0,0,1.85246721141519E-08,0,0,0,0,5.2274387932614E-10,0,0,0,0,3.64424243431925E-09,0,0,0,0,2.53992739505543E-09,0,0,0,0,6.63181940136223E-08,0,0,0,0,2.89091581015845E-08,0,0,0,0,9.79149313575012E-08
np_oilgas,2310012526,"""Industrial Processes;Oil and Gas Exploration and Production;Off-Shore Oil Production;Fugitives; Other: Oil/Water""",,0,0,0,0,0,0,0,0,3.49848456461881E-05,0,0,0,0,1.59178397979104E-05,0,0,0,0,3.8583073075254E-06,0,0,0,0,1.08878589570386E-07,0,0,0,0,0.000000759,0,0,0,0,0.000000529,0,0,0,0,1.38117930271529E-05,0,0,0,0,6.02093758600397E-06,0,0,0,0,2.03931663219548E-05
np_oilgas,2310011600,"""Industrial Processes;Oil and Gas Exploration and Production;On-Shore Oil Production;Artificial Lift Engines""",,1779.8425389,3.2840097,0,72.1756386,0,0.0191119609,0.0001897551,0,0.0002196873,0,0.0150173944,0.0001359567,0,0.0001582645,0,0.0014361161,1.6110097986654E-05,0,1.20813060434888E-05,0,0.000182358,5.1672079726653E-06,0,9.22345416664978E-06,0,0.0002741172,3.25635272905494E-06,0,2.52268205842867E-06,0,0.0003989201,4.11018278150667E-06,0,4.46688559062624E-06,0,0.0018030551,2.51544901940466E-05,0,3.31285181677213E-05,0,0.0027734912,2.83281505390268E-05,0,3.3016679323728E-05,0,0.0118845706,0.0001189254,0,0.0001356717
np_oilgas,2310023600,"""Industrial Processes; Oil and Gas Production; CBM; Venting - Compressor Shutdown""",,0,,0,0,0,0.0178581864,0,0.7975638578,0.3047879137,0,0.0133173473,0,0.5226059925,0.1905324907,0,0.0024075661,0,0.2009398132,0.0921596873,0,0.0001504751,0,0.0033544229,0.0014865271,0,0.0002455483,0,0.0150284077,0.0039948475,0,0.0003286987,0,0.0129411628,0.0036547306,0,0.0014085509,0,0.0426940597,0.012959631,0,0.0028303745,0,0.1342015864,0.0584701672,0,0.010814872,0,0.4812331063,0.1725398413
np_oilgas,2310021509,"""Industrial Processes;Oil and Gas Exploration and Production;On-Shore Gas Production;Fugitives: All Processes""",,0,0,0,16023.8808105,0,5.38628340701735E-05,0,0,0.2795508136,0,3.92177297048988E-05,0,0,0.2300714558,0,4.65016948072529E-06,0,0,0.0242805955,0,0.000000084,0,0,0.000335892,0,2.58046097553636E-06,0,0,0.0072558957,0,9.48213879930274E-07,0,0,0.0047367345,0,6.38224834977539E-06,0,0,0.0128702407,0,6.68233662448918E-06,0,0,0.0321062486,0,3.69503698424519E-05,0,0,0.1935329683
np_oilgas,2310021700,"""Industrial Processes;Oil and Gas Exploration and Production;On-Shore Gas Production;Miscellaneous Engines""",,17446.619046,8.822374125,,4251.431784,0,6.1607048233,0.1751298576,0.0302978199,0.1247523126,0,4.784455625,0.1219370067,0.0201168913,0.0924914322,0,0.3822168675,0.0153657831,0.0046255441,0.0068392458,0,0.0309600002,0.0008520365,5.30803934211124E-05,0.0009611697,0,0.1058710687,0.0051986635,0.0015275757,0.0021615228,0,0.109932064,0.0034052142,0.0005859977,0.002340862,0,0.7472691872,0.0283711533,0.0033887308,0.0199580797,0,0.8213656786,0.0232857025,0.0037945689,0.0165571529,0,4.007135074,0.1165837846,0.0209607167,0.0814983154
np_oilgas,2310021302,"""Industrial Processes;Oil and Gas Exploration and Production;On-Shore Gas Production;Natural Gas Fired 4Cycle Rich Burn Compressor Engines 50 To 499 HP""",,0,0,0,0,0,237.6449735349,12.0095910482,0.1829940729,1.2080201323,0,168.5338952725,8.355353056,0.127043561,0.7607167364,0,30.3379702357,1.8279946018,0.0286208887,0.1519025382,0,2.7032943756,0.1216012194,0.0013721835,0.0128504377,0,3.721709889,0.2419771229,0.0041584763,0.0181467378,0,5.2430363947,0.2698670103,0.0039122831,0.0234325235,0,27.1050673531,1.1927980411,0.0178866804,0.2409711584,0,38.9249089309,1.9570358111,0.0285493591,0.2146787065,0,141.7093739138,7.3159654858,0.1134317851,0.6991332679
np_oilgas,2310000000,"""Industrial Processes;Oil and Gas Production: SIC 13;All Processes;Total: All Processes""",,29771.99733,1.831606515,0,7970.93564325,0,10.3459019589,0.0422025036,0.0225949885,4.2476246225,0,8.1709410838,0.030502317,0.016867781,2.2032490051,0,0.6333223513,0.0031461691,0.0025087484,1.5291137294,0,0.0643444461,0.000305814,9.72760645692638E-05,0.0245889068,0,0.1804957646,0.0010310097,0.0005665186,0.0885608618,0,0.1870707936,0.0008685152,0.0004397595,0.0692727983,0,1.109727507,0.0063486786,0.0021149049,0.3328393132,0,1.3737544305,0.005717628,0.0031763494,0.9321632148,0,6.75272013,0.0279515968,0.0147122488,2.3309923574
np_oilgas,2310012511,"""Industrial Processes;Oil and Gas Exploration and Production;Off-Shore Oil Production;Fugitives; Connectors: Oil Streams""",,0,0,0,0,0,0,0,0,1.1849696253775E-08,0,0,0,0,5.38983323323376E-09,0,0,0,0,1.30639968773977E-09,0,0,0,0,3.68644766127098E-11,0,0,0,0,2.57067689937604E-10,0,0,0,0,1.79157713610518E-10,0,0,0,0,4.680373416688E-09,0,0,0,0,0.000000002,0,0,0,0,6.90711223285215E-09
np_oilgas,2310020600,"""Industrial Processes;Oil and Gas Production: SIC 13;Natural Gas; Compressor engines""",,0,0,0,0,0,14.0964208039,4.3633122897,0.0373357306,1.3461325206,0,10.9978602281,3.0631211966,0.0237089887,0.9976941016,0,1.1885210916,0.5439090216,0.0056886368,0.0951329219,0,0.0819670805,0.008196552,6.10440659944585E-05,0.0317819656,0,0.3303985566,0.1981418309,0.0021648298,0.0262510243,0,0.2687342119,0.082461841,0.0007268189,0.0250267633,0,1.2289396447,0.4674818532,0.0049854123,0.1702457459,0,1.8571826161,0.5467262346,0.0046550583,0.18453204,0,9.2436655686,3.0004541615,0.0259999208,0.8687154679
np_oilgas,2310022502,"""Industrial Processes;Oil and Gas Exploration and Production;Off-Shore Gas Production;Fugitives; Flanges: Gas Streams""",,0,0,0,0.0159483123,0,0,0,0,6.56804187794566E-07,0,0,0,0,2.78462566563847E-07,0,0,0,0,0.000000128,0,0,0,0,1.8679357581809E-09,0,0,0,0,2.19289386691192E-08,0,0,0,0,8.44428541457701E-09,0,0,0,0,2.18053591965866E-07,0,0,0,0,1.14641328258643E-07,0,0,0,0,3.8160509839366E-07
np_oilgas,2310020000,"""Industrial Processes;Oil and Gas Production: SIC 13;Natural Gas;Total: All Processes""",,,17.568363273,,464498.67807,0,2.7119142875,0.5641315494,0.0144996215,4.5296504758,0,1.1718256818,0.2215117669,0.0049827581,1.6039723757,0,0.1100856096,0.0203675798,0.0006352641,0.2367362978,0,0.0135834086,0.0019293535,4.406879634259E-05,0.0148017281,0,0.3446281628,0.0853301506,0.0022327307,0.5059355039,0,0.0812158012,0.0164370073,0.000358234,0.126206465,0,0.9905756219,0.218555692,0.0062465659,2.0419981069,0,0.4039996601,0.0781304241,0.0020328978,0.7339340894,0,1.7001900132,0.3663119155,0.0093168813,2.7511758816
np_oilgas,2310012512,"""Industrial Processes;Oil and Gas Exploration and Production;Off-Shore Oil Production;Fugitives; Flanges: Oil""",,0,0,0,0,0,0,0,0,1.17915677997464E-09,0,0,0,0,5.34748432733829E-10,0,0,0,0,1.29764291732244E-10,0,0,0,0,3.67651096966476E-12,0,0,0,0,2.56260744368773E-11,0,0,0,0,1.78190441418909E-11,0,0,0,0,4.67522422360832E-10,0,0,0,0,2.03010262500233E-10,0,0,0,0,6.87197216288925E-10
np_oilgas,2310000660,"""Industrial Processes;Oil and Gas Exploration and Production;All Processes;Hydraulic Fracturing Engines""",,0,0,0,0,0,9.6938749343,2.050492133,0.0409097231,0.1757162721,0,7.4721492941,1.4178692908,0.0294359419,0.1228344232,0,0.9664099513,0.2661850625,0.0058728395,0.0188954758,0,0.1150930955,0.0185225234,0.0003259201,0.001948065,0,0.1540227957,0.0461320671,0.0009565856,0.0029959627,0,0.1987774341,0.0415393721,0.0008534837,0.0034407652,0,0.78742236,0.2602438161,0.0034649524,0.0256015801,0,1.4820478036,0.3253328735,0.0062779355,0.028531821,0,5.9724353099,1.2618912082,0.0255912114,0.1059130038
np_oilgas,2310000550,"""Industrial Processes;Oil and Gas Exploration and Production;All Processes;Produced Water""",,,,,0,0,0,0,0,21.1329550973,0,0,0,0,12.5565468085,0,0,0,0,3.1879321888,0,0,0,0,0.1813104603,0,0,0,0,0.4649858457,0,0,0,0,0.3895531712,0,0,0,0,4.3526265991,0,0,0,0,3.4374058134,0,0,0,0,12.6510360008
np_oilgas,2310010300,"""Industrial Processes;Oil and Gas Production: SIC 13;Crude Petroleum; Oil well pneumatic devices""",,,,,78909.491418,0,0,0,0,75.8894500745,0,0,0,0,53.8732362349,0,0,0,0,9.5613807545,0,0,0,0,0.8536974929,0,0,0,0,1.2763711902,0,0,0,0,1.629421415,0,0,0,0,8.6953430167,0,0,0,0,12.0352996372,0,0,0,0,46.249832778
np_oilgas,2310021501,"""Industrial Processes;Oil and Gas Exploration and Production;On-Shore Gas Production;Fugitives: Connectors""",,,,,0,0,0,0,0,4.4988912086,0,0,0,0,3.3316481627,0,0,0,0,0.4826695059,0,0,0,0,0.0611260178,0,0,0,0,0.0774201591,0,0,0,0,0.1167686839,0,0,0,0,0.4292586811,0,0,0,0,0.7430640995,0,0,0,0,2.6987930372
np_oilgas,2310021401,"""Industrial Processes;Oil and Gas Exploration and Production;On-Shore Gas Production;Nat Gas Fired 4Cycle Rich Burn Compressor Engines <50 HP w/NSCR""",,0,0,0,0,0,0,0,0,0,0,0,0,0,0,0,0,0,0,0,0,0,0,0,0,0,0,0,0,0,0,0,0,0,0,0,0,0,0,0,0,0,0,0,0,0,0,0,0,0
np_oilgas,2310002301,"""Industrial Processes;Oil and Gas Exploration and Production;Off-Shore Oil And Gas Production;Flares: Continuous Pilot Light""",,0.2516349753,0,0,0.0222078888,0,2.90162091528309E-05,0,0,1.53714708849832E-06,0,1.48563694243873E-05,0,0,6.51697434702819E-07,0,4.78037898589054E-06,0,0,2.99671988183991E-07,0,1.50898482628373E-07,0,0,4.37162796768517E-09,0,1.00406750647332E-06,0,0,5.13206223794072E-08,0,4.57840821399958E-07,0,0,1.97624692403255E-08,0,7.7666538735091E-06,0,0,5.10322944979173E-07,0,4.5503202218111E-06,0,0,2.68300794725236E-07,0,1.76178556459403E-05,0,0,8.9308538019579E-07
np_oilgas,2310021603,"""Industrial Processes;Oil and Gas Exploration and Production;On-Shore Gas Production;Gas Well Venting - Blowdowns""",,0,,0,13394.1329325,0,0.0468906081,0.0002916069,20.4263546294,23.5111689601,0,0.0361148647,0.0002069757,13.2304776366,17.8008126352,0,0.0034898276,3.09902007165598E-05,3.0128286646,2.0975981109,0,0.0005561042,5.61944187466658E-07,0.0327227516,0.416789551,0,0.0007952845,1.40846070012171E-05,1.1369818284,0.4052645478,0,0.0009989664,5.30536483150057E-06,0.3853382872,0.590782767,0,0.0049355607,3.36890838087224E-05,2.6280054689,2.1999213621,0,0.0066992941,3.83925796482338E-05,2.5812789277,3.4827812128,0,0.0294393253,0.0001965379,14.1274099351,14.6732902947
np_oilgas,2310021309,,,0,0,0,0,0,0,0,0,0,0,0,0,0,0,0,0,0,0,0,0,0,0,0,0,0,0,0,0,0,0,0,0,0,0,0,0,0,0,0,0,0,0,0,0,0,0,0,0,0
np_oilgas,2310112401,"""Industrial Processes;Oil and Gas Exploration and Production;Off-Shore Oil Exploration;Oil Well Pneumatic Pumps""",,0,0,0,14.5720219365,0,0,0,0,8.7317385421062E-05,0,0,0,0,3.9728743843307E-05,0,0,0,0,9.6298072226089E-06,0,0,0,0,2.71746049885769E-07,0,0,0,0,1.89441702288091E-06,0,0,0,0,1.32032160021111E-06,0,0,0,0,3.44723494174033E-05,0,0,0,0,1.50274372474351E-05,0,0,0,0,5.08985496234743E-05
np_oilgas,2310021403,"""Industrial Processes;Oil and Gas Exploration and Production;On-Shore Gas Production;Nat Gas Fired 4Cycle Rich Burn Compressor Engines 500+ HP w/NSCR""",,58741.4080905,195.052939665,12.7901291595,1023.42261405,0,16.1909166976,1.6652015124,0.0259361056,0.2633228066,0,9.8965536594,0.8675491586,0.0160487132,0.1210483636,0,1.5643385146,0.21658997,0.0037236896,0.0258477492,0,0.1772879886,0.0115439472,0.0002959791,0.0015412668,0,0.2808940767,0.0494189647,0.0006413165,0.0066248967,0,0.3344666218,0.0313669631,0.0006072907,0.0042108142,0,3.9373758213,0.4887325086,0.0046191165,0.1040497159,0,2.7889718437,0.2977673583,0.0042401696,0.0507913163,0,9.4474760135,0.9692490576,0.0155971956,0.1486595019
np_oilgas,2310012521,"""Industrial Processes;Oil and Gas Exploration and Production;Off-Shore Oil Production;Fugitives; Connectors: Oil/Water Streams""",,0,0,0,0.0007852285,0,0,0,0,1.04008342786048E-08,0,0,0,0,4.73033745645257E-09,0,0,0,0,1.14649211925745E-09,0,0,0,0,3.23678154895627E-11,0,0,0,0,2.25618465319141E-10,0,0,0,0,1.57245743899448E-10,0,0,0,0,4.10877264661194E-09,0,0,0,0,1.79010676645623E-09,0,0,0,0,6.06243525278998E-09
np_oilgas,2310022010,"""Industrial Processes;Oil and Gas Exploration and Production;Off-Shore Gas Production;Storage Tanks: Condensate""",,0,0,0,26.802599388,0,0,0,0,0.0001410544,0,0,0,0,5.98024238420103E-05,0,0,0,0,0.000027499,0,0,0,0,4.01158536625625E-07,0,0,0,0,4.70937402896175E-06,0,0,0,0,1.81348387123229E-06,0,0,0,0,4.68288842898575E-05,0,0,0,0,2.46202556438925E-05,0,0,0,0,8.19529100508277E-05
np_oilgas,2310122100,"""Industrial Processes;Oil and Gas Exploration and Production;Off-Shore Gas Exploration;Mud Degassing""",,0,0,0,0,0,0,0,0,2.50956044200846E-05,0,0,0,0,1.06397146930581E-05,0,0,0,0,4.89247668555823E-06,0,0,0,0,7.13718969132492E-08,0,0,0,0,8.37865577656011E-07,0,0,0,0,3.22644961747411E-07,0,0,0,0,8.33153058809255E-06,0,0,0,0,4.3802983483179E-06,0,0,0,0,1.4580604061841E-05
np_oilgas,2310011505,"""Industrial Processes;Oil and Gas Exploration and Production;On-Shore Oil Production;Fugitives:  Valves""",,,,,0,0,0,0,0,19.8690881321,0,0,0,0,14.0118236655,0,0,0,0,2.8709627934,0,0,0,0,0.2117015793,0,0,0,0,0.3137583525,0,0,0,0,0.4361182936,0,0,0,0,2.0247234755,0,0,0,0,3.2285014995,0,0,0,0,11.9688878773
np_oilgas,2310121100,"""Industrial Processes;Oil and Gas Exploration and Production;On-Shore Gas Exploration;Mud Degassing""",,,,,8900.4827535,0,0,0,0,10.9242087079,0,0,0,0,6.3853958779,0,0,0,0,1.2352210856,0,0,0,0,0.1008586141,0,0,0,0,0.2517593707,0,0,0,0,0.2216237738,0,0,0,0,2.7293499872,0,0,0,0,1.8684117187,0,0,0,0,6.4760137439
np_oilgas,2310023102,"""Industrial Processes;Oil and Gas Exploration and Production;Coal Bed Methane Natural Gas;CBM Fired 2Cycle Lean Burn Compressor Engines 50 To 499 HP""",,0,0,0,0,0,0.006234749,0.0011755679,6.46260317798542E-06,0.0001238842,0,0.00424885,0.0007642593,4.1228462417806E-06,8.34911013487657E-05,0,0.0015591077,0.000328316,1.83513907105868E-06,3.25951640412479E-05,0,3.15022138851771E-05,4.32868295193135E-06,2.77852743687295E-08,4.655226547847E-07,0,6.19736902176786E-05,1.42930632568344E-05,8.82322605291131E-08,1.22362968831559E-06,0,8.02295644908742E-05,1.50573009566514E-05,8.87408541544311E-08,1.5457256943508E-06,0,0.0002530859,4.9313582849026E-05,2.99859479009405E-07,4.56305412769338E-06,0,0.0011493886,0.0002103023,0.000001192,2.18950676780885E-05,0,0.003589671,0.0006938566,0.000003738,0.000073421
np_oilgas,2310021300,"""Industrial Processes;Oil and Gas Production: SIC 13;Natural Gas; Gas well pneumatic devices""",,,,,0,0,0,0,0,87.2557149042,0,0,0,0,58.4606700507,0,0,0,0,11.0919856547,0,0,0,0,1.0592929378,0,0,0,0,1.5480686105,0,0,0,0,1.9911011777,0,0,0,0,13.104596447,0,0,0,0,14.5327554368,0,0,0,0,52.1182206485
np_oilgas,2310021601,"""Industrial Processes;Oil and Gas Exploration and Production;On-Shore Gas Production;Gas Well Venting - Initial Completions""",,,,,414.220671,0,0,0,0,13.7498018354,0,0,0,0,10.3489985701,0,0,0,0,0.6949661156,0,0,0,0,0.0734579168,0,0,0,0,0.2513644773,0,0,0,0,0.2781912432,0,0,0,0,2.1028234784,0,0,0,0,1.7702664048,0,0,0,0,9.1040417262
np_oilgas,2310021203,"""Industrial Processes;Oil and Gas Exploration and Production;On-Shore Gas Production;Natural Gas Fired 4Cycle Lean Burn Compressor Engines 500+ HP""",,11221.515576,80.5120337205,16.6594546215,4271.2265607,0,4.3668622079,0.3686397451,0.0167870443,1.1858517174,0,2.6195628762,0.1823598702,0.0104389896,0.5652554482,0,0.4978048777,0.0436458936,0.0023204766,0.1296787144,0,0.0483853153,0.0024195222,0.0002050546,0.0071211855,0,0.0998563083,0.0113867637,0.0004187364,0.033602794,0,0.0942064436,0.0067669056,0.0004066557,0.0200416709,0,1.0070463849,0.12206079,0.0029971315,0.4301519045,0,0.7485582002,0.0678191592,0.0027303146,0.2241051667,0,2.5691359078,0.2129642176,0.0101272656,0.6762943135
np_oilgas,2310022410,"""Industrial Processes;Oil and Gas Exploration and Production;Off-Shore Gas Production;Amine Unit""",,0,0,2.7883963908,0,0,0,0,0.0001028537,0,0,0,0,0.000047552,0,0,0,0,1.55646464422271E-05,0,0,0,0,4.1190932177133E-07,0,0,0,0,4.29056534395203E-06,0,0,0,0,1.58714724561603E-06,0,0,0,0,3.34474855999464E-05,0,0,0,0,1.69982875141078E-05,0,0,0,0,6.21214618652919E-05,0
np_oilgas,2310111700,"""Industrial Processes;Oil and Gas Exploration and Production;On-Shore Oil Exploration;Oil Well Completion: All Processes""",,0,,0,0,0,0.3805588235,0.0403685954,1.4188831164,12.6296498485,0,0.3098709545,0.030588375,0.9185349885,7.8252319808,0,0.0272919601,0.0039844244,0.2392369614,1.4102467159,0,0.0047146739,0.0005610022,0.0075171284,0.1454891154,0,0.0069865838,0.0011069884,0.0476424807,0.2425173041,0,0.0073514789,0.0007513937,0.0259677202,0.2745745537,0,0.0243431722,0.0033764116,0.179983837,2.7315901633,0,0.0502447773,0.0054053895,0.2169441326,2.0467524431,0,0.2482519499,0.0266974718,0.8978614744,7.4663101308
np_oilgas,2310021402,"""Industrial Processes;Oil and Gas Exploration and Production;On-Shore Gas Production;Nat Gas Fired 4Cycle Rich Burn Compressor Engines 50 To 499 HP w/NSCR""",,0,0,0,0,0,2.2919524438,1.3529479168,0.0184749469,0.0397129166,0,1.4002007574,0.6982450061,0.0107888389,0.0213203861,0,0.311544545,0.2067564679,0.002844651,0.0057350595,0,0.0244614478,0.0082619575,0.0001911288,0.0002425027,0,0.0675532007,0.0554865418,0.0005978175,0.0014658769,0,0.0497755414,0.0250205878,0.0004118942,0.0007212699,0,0.4384169497,0.359177355,0.0036406165,0.0102278214,0,0.367627582,0.2264326831,0.0029963225,0.0065329845,0,1.3883300867,0.81460142,0.0112061248,0.0240198326
np_oilgas,2310010800,"""Industrial Processes;Oil and Gas Production: SIC 13;Crude Petroleum; Oil well truck loading""",,0,0,0,0,0,0,0,0,0.2716289338,0,0,0,0,0.2137771397,0,0,0,0,0.0149446999,0,0,0,0,0.0039770718,0,0,0,0,0.0046593664,0,0,0,0,0.0056512943,0,0,0,0,0.0286193612,0,0,0,0,0.0352412986,0,0,0,0,0.1791955162
np_oilgas,2310012020,"""Industrial Processes;Oil and Gas Exploration and Production;Off-Shore Oil Production;Storage Tanks: Crude Oil""",,0,0,0,859.33643436,0,0,0,0,0.000509834,0,0,0,0,0.0002319706,0,0,0,0,5.62271126147532E-05,0,0,0,0,1.58668727653266E-06,0,0,0,0,1.10612374275309E-05,0,0,0,0,7.70917396739468E-06,0,0,0,0,0.0002012792,0,0,0,0,8.77431037797288E-05,0,0,0,0,0.0002971895
np_oilgas,2310002305,"""Industrial Processes;Oil and Gas Exploration and Production;Off-Shore Oil And Gas Production;Flares: Flaring Operations""",,37.94754855,0,0,0,0,0.2757693231,0.00000278,2.51826352352542E-07,0.0021559141,0,0.2157225272,1.99438231489511E-06,1.16425140731812E-07,0.0015544158,0,0.0176906227,2.43799691792687E-07,3.81086052847768E-08,0.0001202271,0,0.0015041902,0.000000067,0.000000001,7.14276387901462E-05,0,0.0052833692,4.63812315928583E-08,1.0504934035735E-08,2.56135087727986E-05,0,0.0053707365,5.89265187108705E-08,3.88592066774781E-09,4.24871491456853E-05,0,0.0301978771,3.69457304366912E-07,8.18932776297154E-08,0.000341743,0,0.037193234,4.12326742300579E-07,4.16185620953233E-08,0.0003143442,0,0.1799505474,1.73790856227951E-06,1.52097476845601E-07,0.001337358
np_oilgas,2310030401,"""Industrial Processes;Oil and Gas Exploration and Production;Natural Gas Liquids;Gas Plant Truck Loading""",,0,0,0,59023.5426255,0,0,0,0,0.022986628,0,0,0,0,0.0173596845,0,0,0,0,0.0011823002,0,0,0,0,0.000123891,0,0,0,0,0.0004249953,0,0,0,0,0.0004644859,0,0,0,0,0.0034312712,0,0,0,0,0.0029593414,0,0,0,0,0.0152416625
np_oilgas,2310011020,"""Industrial Processes;Oil and Gas Exploration and Production;On-Shore Oil Production;Storage Tanks: Crude Oil""",,0,0,0,198527.458215,0,0,0,0,127.3972686741,0,0,0,0,76.5715303067,0,0,0,0,12.3429236856,0,0,0,0,1.2281218944,0,0,0,0,2.7601358407,0,0,0,0,2.5525625588,0,0,0,0,31.9419942769,0,0,0,0,20.2014782852,0,0,0,0,75.6506230941
np_oilgas,2310023606,"""Industrial Processes;Oil and Gas Exploration and Production;Coal Bed Methane Natural Gas;Mud Degassing""",,,,,0,0,0,0,0,0.0078717685,0,0,0,0,0.0062941472,0,0,0,0,0.0010718548,0,0,0,0,2.63008568321127E-05,0,0,0,0,0.000096161,0,0,0,0,0.0001147363,0,0,0,0,0.0002685684,0,0,0,0,0.0014624823,0,0,0,0,0.0044431833
np_oilgas,2310010000,"""Industrial Processes;Oil and Gas Production: SIC 13;Crude Petroleum;Total: All Processes""",,,,,77127.780078,0,0.5336582872,0,0,20.925224916,0,0.3290346719,0,0,7.1568430019,0,0.0260545716,0,0,1.5377649804,0,0.0047132762,0,0,0.1336817296,0,0.0405197155,0,0,0.9744322685,0,0.0193562461,0,0,0.5472360571,0,0.1139798059,0,0,10.5752669262,0,0.083003461,0,0,4.9509148926,0,0.3333111631,0,0,10.3048564819
np_oilgas,2310020800,"""Industrial Processes;Oil and Gas Production: SIC 13;Natural Gas; Gas well truck loading""",,0,0,0,75.4415046,0,0,0,0,0.5465869812,0,0,0,0,0.3988889411,0,0,0,0,0.0290401482,0,0,0,0,0.0026951654,0,0,0,0,0.0093449654,0,0,0,0,0.0098953719,0,0,0,0,0.096722387,0,0,0,0,0.0733059087,0,0,0,0,0.3558410047
np_oilgas,2310002000,"""Industrial Processes;Oil and Gas Production: SIC 13;All Processes : Off-shore;Total: All Processes""",,0,0,0,0,0,0,0,0,7.22475788249168E-05,0,0,0,0,3.28721001194734E-05,0,0,0,0,7.96781903283342E-06,0,0,0,0,2.24846353938686E-07,0,0,0,0,1.56746496681647E-06,0,0,0,0,1.09245214191582E-06,0,0,0,0,2.85228959908687E-05,0,0,0,0,1.24339028161458E-05,0,0,0,0,4.21141457489932E-05
np_oilgas,2310022090,"""Industrial Processes;Oil and Gas Exploration and Production;Off-Shore Gas Production;Boilers/Heaters: Natural Gas""",,0.4585275864,0.0086929188,0.0027447971,0.0251562401,0,0.0011633203,0.0002407595,2.44637832427663E-05,3.80689287558776E-05,0,0.0005964212,9.92791216760691E-05,1.13177816579538E-05,1.61635976044909E-05,0,0.0001900227,4.91061598237329E-05,3.67355880769392E-06,7.3572034158604E-06,0,6.09743396017666E-06,7.43492164919588E-07,9.8641243141336E-08,1.08472191284891E-07,0,3.99069476996856E-05,0.00000906,1.01190516327705E-06,1.26210381381813E-06,0,1.84260970791076E-05,3.27553461578682E-06,3.78453478340825E-07,4.91162143002612E-07,0,0.0003124459,7.92951220559569E-05,7.98344285209746E-06,1.26863895597517E-05,0,0.0001825456,4.28376708113878E-05,4.04467125354891E-06,6.64286026645297E-06,0,0.0007060771,0.0001395846,1.47700820030696E-05,2.2119591273297E-05
np_oilgas,2310021600,"""Industrial Processes;Oil and Gas Production: SIC 13;Natural Gas; Gas well venting""",,0,0,0,0,0,0,0,0,4.502210768,0,0,0,0,2.3078081224,0,0,0,0,0.4268262677,0,0,0,0,0.0335648501,0,0,0,0,0.0990123514,0,0,0,0,0.0766669031,0,0,0,0,1.5583322684,0,0,0,0,0.8115772352,0,0,0,0,2.5986301974
np_oilgas,2310023351,"""Industrial Processes;Oil and Gas Exploration and Production;Coal Bed Methane Natural Gas;Lateral Compressors 4 Cycle Rich Burn""",,0,0,0,0,0,5.588872858,0.516551169,0.0052835358,0.0348585901,0,3.9125007821,0.32511869,0.0035447914,0.0231085013,0,1.2130061839,0.149049574,0.001245484,0.0091891388,0,0.0462162902,0.0028435064,2.66693775838255E-05,0.0002317289,0,0.0691655832,0.0080903169,9.38143419246451E-05,0.0004386027,0,0.0934195044,0.0076854942,8.85587270189557E-05,0.0005051122,0,0.2545645224,0.0237635886,0.0002842179,0.0013855062,0,1.0065374793,0.0958584215,0.0008978301,0.0065672496,0,3.2353185423,0.2978428105,0.0031694284,0.0198231257
np_oilgas,2310021604,"""Industrial Processes;Oil and Gas Exploration and Production;On-Shore Gas Production;Gas Well Venting - Compressor Startups""",,,,,114223.66335,0,0,0,0,0.1908961862,0,0,0,0,0.1488640519,0,0,0,0,0.0110752935,0,0,0,0,0.0018389306,0,0,0,0,0.0034485233,0,0,0,0,0.0039942902,0,0,0,0,0.0216750962,0,0,0,0,0.025192271,0,0,0,0,0.125928886
np_oilgas,2310002421,"""Industrial Processes;Oil and Gas Exploration and Production;Off-Shore Oil And Gas Production;Cold Vents""",,0,0,0,486.28018992,0,0,0,0,0.0040933519,0,0,0,0,0.0018143859,0,0,0,0,0.0005825867,0,0,0,0,1.23237966726675E-05,0,0,0,0,0.000106918,0,0,0,0,5.838793460318E-05,0,0,0,0,0.0015187495,0,0,0,0,0.0007082556,0,0,0,0,0.0023831117
np_oilgas,2310000220,"""Industrial Processes;Oil and Gas Production: SIC 13; Drill rigs""",,49011.213936,1968.27393525,115.1036328,2670.4079097,0,98.6300969845,16.2377517038,1.9418076087,1.8881415592,0,70.260612071,9.8478807087,1.3100568074,1.1933601549,0,10.235705841,2.2238111985,0.2506681378,0.2144434857,0,1.0069180614,0.1474438142,0.0073776907,0.0163406589,0,2.2596656075,0.4247198403,0.0857568731,0.0436825276,0,2.0833680978,0.3327693309,0.0385566045,0.0356694048,0,12.7838272597,3.2611268018,0.2493914957,0.3846453258,0,14.6101415477,2.6795842106,0.2634527008,0.3015880643,0,61.9555848568,9.8448886769,1.2987754932,1.1545906968
np_oilgas,2310000330,"""Industrial Processes;Oil and Gas Production: SIC 13; Artificial lift""",,8.1072764769,0.0693225418,0.0021000335,0.1057160824,0,116.8664216934,6.7245337198,0.0920246403,0.6982759024,0,88.4403090687,4.6533644888,0.0660318359,0.5084574529,0,12.245576397,0.8789833006,0.0122657585,0.0688590341,0,1.277670397,0.0588684284,0.0006417723,0.0085586281,0,1.9716076573,0.1517611695,0.0023873308,0.0117428518,0,2.6929382842,0.1506301647,0.0019718331,0.0151271963,0,10.2383200153,0.8309261704,0.0087261098,0.0855307392,0,17.6514679921,1.0403131291,0.0136063364,0.1042021314,0,72.390943177,4.1888190219,0.0586549638,0.4347987536
np_oilgas,2310021201,"""Industrial Processes;Oil and Gas Exploration and Production;On-Shore Gas Production;Natural Gas Fired 4Cycle Lean Burn Compressor Engines <50 HP""",,0,0,0,0,0,0.0463960555,0.0002051933,1.24095634363691E-05,0.0003889107,0,0.0308629488,0.0001243226,0.0000076,0.0002441803,0,0.0068296409,0.000034206,2.06138542346554E-06,0.000062439,0,0.0005835808,1.87146825028674E-06,1.30243624430696E-07,3.40744025297877E-06,0,0.0007631979,4.76052745782764E-06,3.06712494649811E-07,6.91640229599255E-06,0,0.0010128287,4.11243019587322E-06,0.000000274,7.13870374226045E-06,0,0.0063438583,3.59202162335994E-05,2.03721503820219E-06,6.48289295225267E-05,0,0.0078392184,3.4360546108802E-05,2.07163837532046E-06,6.53383046313148E-05,0,0.0269702167,0.00012095,7.38068352171979E-06,0.0002262507
np_oilgas,2310023100,"""Industrial Processes; Oil and Gas Production; CBM; Dehydrators""",,0,0,0,0,0,3.261173498,2.0047820932,9.07600030583283E-08,0.0721278535,0,2.3134921181,1.2699525163,6.09379278678742E-08,0.0479213798,0,0.6435664866,0.5541098556,2.14530942672542E-08,0.0181069444,0,0.0369403662,0.0155040708,4.58200800355134E-10,0.0007288134,0,0.0409882764,0.0311252681,1.57447458171004E-09,0.0009049902,0,0.0650794609,0.0330404793,1.4950316715193E-09,0.0012197245,0,0.1611067939,0.1010499074,4.84127396406689E-09,0.0032460013,0,0.5803885891,0.3704844972,1.55215399074044E-08,0.0135027035,0,1.8945138572,1.1575141129,5.42908878456766E-08,0.0410936994
np_oilgas,2310022000,"""Industrial Processes;Oil and Gas Production: SIC 13;Natural Gas : Off-shore;Total: All Processes""",,157.20427428,0.6419694653,0.2866341726,3.8316137816,0,0.1155066145,0.0051895075,0.0007401058,0.0016897334,0,0.0591396789,0.0021366897,0.0003421704,0.0007163916,0,0.0190295209,0.0010659008,0.0001119987,0.0003294194,0,0.0006006915,1.59281767189383E-05,0.000002964,4.80560144791249E-06,0,0.0039969516,0.0001963283,3.08736579545274E-05,0.000056415,0,0.001822556,7.03853128344188E-05,1.14206536296762E-05,2.17242807901074E-05,0,0.0309172154,0.0017042752,0.0002406784,0.0005609775,0,0.0181137434,0.0009236806,0.0001223148,0.0002949336,0,0.0701324804,0.0030083569,0.0004470081,0.000981739
np_oilgas,2310023515,"""Industrial Processes;Oil and Gas Exploration and Production;Coal Bed Methane Natural Gas;Fugitives:  Valves""",,,,,0,0,0,0,0,2.2922816838,0,0,0,0,1.5367996393,0,0,0,0,0.5679991948,0,0,0,0,0.0223504907,0,0,0,0,0.0291426127,0,0,0,0,0.0414266384,0,0,0,0,0.0945631117,0,0,0,0,0.4301286141,0,0,0,0,1.3039449365
np_oilgas,2310011100,"""Industrial Processes;Oil and Gas Exploration and Production;On-Shore Oil Production;Heater Treater""",,5725.39875645,435.130378065,11.064754008,314.897521275,0,13.9806858808,6.7135002647,0.0682870864,0.2818562815,0,9.6758709059,3.9971398472,0.0460656017,0.167332914,0,1.315564142,0.7232654929,0.0085865458,0.0263126459,0,0.1912330313,0.0651673893,0.0007558523,0.0026694574,0,0.2384123876,0.1518067798,0.0015568271,0.0052705912,0,0.3405669468,0.1465167067,0.0016468721,0.0057446686,0,2.2190384602,1.6296040398,0.0096753873,0.0745260041,0,2.1900438305,1.0921045332,0.0106350077,0.0457390756,0,8.3984314633,4.0120223518,0.042010511,0.165877834
np_oilgas,2310030000,"""Industrial Processes;Oil and Gas Production: SIC 13;Natural Gas Liquids;Total: All Processes""",,,,,772.24667436,0,0,0,0,0.5236311992,0,0,0,0,0.2922077027,0,0,0,0,0.0203613875,0,0,0,0,0.0042556241,0,0,0,0,0.0451874918,0,0,0,0,0.0198137399,0,0,0,0,0.1418052517,0,0,0,0,0.0840234739,0,0,0,0,0.3198987584
np_oilgas,2310002411,"""Industrial Processes;Oil and Gas Exploration and Production;Off-Shore Oil And Gas Production;Pressure/Level Controllers""",,0,0,0,7.9657284014,0,0,0,0,2.45003401778726E-05,0,0,0,0,1.05272783332753E-05,0,0,0,0,4.39453278475017E-06,0,0,0,0,7.08884864552885E-08,0,0,0,0,7.65259176466843E-07,0,0,0,0,3.25204917521642E-07,0,0,0,0,8.41717645213858E-06,0,0,0,0,4.26537851901742E-06,0,0,0,0,1.42433787539715E-05
np_oilgas,2310030210,"""Industrial Processes;Oil and Gas Production: SIC 13;Natural Gas Liquids; Gas well tanks - Flashing & Standing/Working/Breathing""",,,,,6157.3367505,0,0,0,0,25.1741668738,0,0,0,0,18.4014893971,0,0,0,0,1.350173689,0,0,0,0,0.1264168353,0,0,0,0,0.4322644935,0,0,0,0,0.454218311,0,0,0,0,4.4096040489,0,0,0,0,3.3898632037,0,0,0,0,16.3779465869
np_oilgas,2310021506,"""Industrial Processes;Oil and Gas Exploration and Production;On-Shore Gas Production;Fugitives:  Other""",,,,,9547.940688,0,0,0,0,16.4999392952,0,0,0,0,11.5832018411,0,0,0,0,1.703975225,0,0,0,0,0.1743381016,0,0,0,0,0.3207100289,0,0,0,0,0.361527589,0,0,0,0,2.3561865182,0,0,0,0,2.6337545979,0,0,0,0,10.041868296
np_oilgas,2310023030,"""Industrial Processes;Oil and Gas Exploration and Production;Coal Bed Methane Natural Gas;Tank Truck/Railcar Loading: Condensate""",,,,,0,0,0,0,0,0.0059017079,0,0,0,0,0.0046513521,0,0,0,0,0.0004559848,0,0,0,0,0.0001869976,0,0,0,0,7.83797647281778E-05,0,0,0,0,0.0002308868,0,0,0,0,0.0002981068,0,0,0,0,0.0008915497,0,0,0,0,0.003643301
np_oilgas,2310021503,"""Industrial Processes;Oil and Gas Exploration and Production;On-Shore Gas Production;Fugitives: Open Ended Lines""",,,,,27.4948722615,0,0,0,0,2.4682480938,0,0,0,0,1.7634287605,0,0,0,0,0.2872197338,0,0,0,0,0.0292398228,0,0,0,0,0.0440116442,0,0,0,0,0.0569506043,0,0,0,0,0.2873975291,0,0,0,0,0.4049973864,0,0,0,0,1.4857082823
np_oilgas,2310022501,"""Industrial Processes;Oil and Gas Exploration and Production;Off-Shore Gas Production;Fugitives; Connectors: Gas Streams""",,0,0,0,0.0237501033,0,0,0,0,1.30669002852703E-06,0,0,0,0,0.000000554,0,0,0,0,2.54743522147073E-07,0,0,0,0,3.7161930824897E-09,0,0,0,0,4.36262802323951E-08,0,0,0,0,1.67995769047684E-08,0,0,0,0,4.33813308070038E-07,0,0,0,0,2.28075936283426E-07,0,0,0,0,7.59188973736257E-07
np_oilgas,2310021101,"""Industrial Processes;Oil and Gas Exploration and Production;On-Shore Gas Production;Natural Gas Fired 2Cycle Lean Burn Compressor Engines < 50 HP""",,0,0,0,0,0,0.1270812217,0.0441714345,0.0002644748,0.0117095609,0,0.0776580274,0.0210309644,0.0001572895,0.0051040351,0,0.0134408229,0.005389601,3.40418323063861E-05,0.0011022702,0,0.0012456906,0.0002593704,2.26284739624744E-06,6.04507637423201E-05,0,0.0033071535,0.0015265934,7.34009346864556E-06,0.0003215386,0,0.0025627995,0.0007215164,5.51057525366558E-06,0.0001605147,0,0.0288667275,0.0152433889,5.80299296671178E-05,0.0049607516,0,0.0206861093,0.0080003474,4.26645048052168E-05,0.0022451072,0,0.0760824559,0.0257568608,0.0001601871,0.0066136051
np_oilgas,2310022505,"""Industrial Processes;Oil and Gas Exploration and Production;Off-Shore Gas Production;Fugitives; Valves: Gas""",,0,0,0,1.3548989412,0,0,0,0,1.52304080782469E-05,0,0,0,0,6.45719366484208E-06,0,0,0,0,2.96922168320894E-06,0,0,0,0,4.3315260503767E-08,0,0,0,0,5.08496813000483E-07,0,0,0,0,1.95811731294285E-07,0,0,0,0,5.05636891504426E-06,0,0,0,0,2.65838297633468E-06,0,0,0,0,8.84890272077632E-06
np_oilgas,2310021400,"""Industrial Processes;Oil and Gas Production: SIC 13;Natural Gas; Gas well dehydrators""",,0,0,0,0,0,62.7635566934,21.9546096941,1.2275355232,19.7161940764,0,48.1292185878,15.7110227856,0.8336373936,13.47904247,0,7.0139791643,3.3329916363,0.1917024041,2.5943072868,0,0.6598809146,0.2160255669,0.0059847658,0.236831023,0,1.3240857462,0.5327412025,0.0484754831,0.3670769571,0,1.4496585093,0.5288463443,0.0251647843,0.4076380532,0,4.1867337966,1.6329821639,0.1225706928,2.6312982771,0,9.377662313,3.4999933255,0.1740644918,3.1226240869,0,39.3292291598,13.5628334742,0.8051679363,12.0965152495
np_oilgas,2310021100,"""Industrial Processes;Oil and Gas Production: SIC 13;Natural Gas; Gas well heaters""",,0,0,0,0,0,54.4143625497,24.7943970648,0.0673129259,0.9515958425,0,39.8943138989,16.5602632903,0.0468845346,0.6392844321,0,6.7133768684,3.728039612,0.0084674379,0.1292445515,0,0.6416185898,0.2334688348,0.0002332513,0.0104627254,0,0.9072959166,0.5491365698,0.0027633236,0.0165038134,0,1.2520553112,0.5460344024,0.0013012221,0.0204017635,0,5.0057019781,3.1774543519,0.0076631564,0.1356985563,0,8.6560075278,4.069628031,0.0089807859,0.1611734464,0,33.0114970432,15.0642023659,0.0452366718,0.5647562386
np_oilgas,2310023400,"""Industrial Processes;Oil and Gas Exploration and Production;Coal Bed Methane Natural Gas;Dehydrators""",,0,0,0,0,0,4.7957192571,2.7830735786,0.077026794,1.5263941858,0,3.4284212089,1.786455565,0.0527259527,1.0203969575,0,0.8772278353,0.7360527633,0.0167337824,0.2277453311,0,0.0747942346,0.0252669923,0.0005676057,0.054948657,0,0.0611662332,0.0437116601,0.0013208987,0.0178687229,0,0.1174629041,0.0533341116,0.0014656819,0.0261796676,0,0.236646846,0.1382524917,0.0042128727,0.1792548549,0,0.8564711225,0.5133907542,0.0130823906,0.2605763583,0,2.7772178613,1.6066365653,0.0461249214,0.9022106456
ag,2801700009,"""Miscellaneous Area Sources;Agriculture Production - Crops;Fertilizer Application;Ammonium Phosphates (see also subsets (-13""",288.32879418,,,,,0.0584603304,0,0,0,0,0.0450698304,0,0,0,0,0.0037067855,0,0,0,0,0.0009349593,0,0,0,0,0.0018511659,0,0,0,0,0.0014963858,0,0,0,0,0.0054012035,0,0,0,0,0.0082217179,0,0,0,0,0.0381494063,0,0,0,0
ag,2805025000,"""Miscellaneous Area Sources;Agriculture Production - Livestock;Swine production composite;Not Elsewhere Classified (see also 28-05-039""",38317.68003,,,,,296.7027260231,0,0,0,0,206.1381879771,0,0,0,0,42.9146238919,0,0,0,0,0.5152665765,0,0,0,0,10.8874993838,0,0,0,0,5.4623734465,0,0,0,0,30.7847750001,0,0,0,0,41.5269902972,0,0,0,0,196.6811709658,0,0,0,0
ag,2805001200,"""Miscellaneous Area Sources;Agriculture Production - Livestock;Beef cattle -  finishing operations on feedlots (drylots);Manure handling and storage""",16.52528196,,,,,0.068281614,0,0,0,0,0.049083548,0,0,0,0,0.0084721716,0,0,0,0,0.0003155467,0,0,0,0,0.0021817276,0,0,0,0,0.0013403501,0,0,0,0,0.0068882702,0,0,0,0,0.0095019102,0,0,0,0,0.0449158156,0,0,0,0
ag,2805021200,"""Miscellaneous Area Sources;Agriculture Production - Livestock;Dairy cattle - scrape dairy;Manure handling and storage""",1043.0087382,,,,,306.5750407097,0,0,0,0,219.2475409305,0,0,0,0,39.12563409,0,0,0,0,1.3326782969,0,0,0,0,11.2977590868,0,0,0,0,6.1610913674,0,0,0,0,29.4103371629,0,0,0,0,41.4348751124,0,0,0,0,205.4232805965,0,0,0,0
ag,2805047100,"""Miscellaneous Area Sources;Agriculture Production - Livestock;Swine production - deep-pit house operations (unspecified animal age);Confinement""",119269.42632,,,,,761.0454763967,0,0,0,0,548.7089314802,0,0,0,0,98.6155515325,0,0,0,0,2.3597936595,0,0,0,0,27.6422962631,0,0,0,0,14.465659598,0,0,0,0,69.2532444128,0,0,0,0,103.1180338479,0,0,0,0,509.9755434948,0,0,0,0
ag,2801700015,"""Miscellaneous Area Sources;Agriculture Production - Crops;Fertilizer Application;Liquid Ammonium Polyphosphate""",2329.02693672,,,,,42.786483872,0,0,0,0,31.2521740377,0,0,0,0,5.4339440054,0,0,0,0,0.1785504521,0,0,0,0,1.3751719748,0,0,0,0,0.8426750664,0,0,0,0,3.7039683576,0,0,0,0,5.953298895,0,0,0,0,28.2483780544,0,0,0,0
ag,2805022300,"""Miscellaneous Area Sources;Agriculture Production - Livestock;Dairy cattle - deep pit dairy;Land application of manure""",234.7069032,,,,,14.6612938653,0,0,0,0,10.5206879332,0,0,0,0,1.9098828128,0,0,0,0,0.0558932537,0,0,0,0,0.5530038401,0,0,0,0,0.292762597,0,0,0,0,1.3290634403,0,0,0,0,1.9634472193,0,0,0,0,9.876356402,0,0,0,0
ag,2805009300,"""Miscellaneous Area Sources;Agriculture Production - Livestock;Poultry production - broilers;Land application of manure""",6.921458676,,,,,786.4948007596,0,0,0,0,526.575655966,0,0,0,0,166.7602494214,0,0,0,0,4.3682312784,0,0,0,0,16.8080655544,0,0,0,0,14.2671385678,0,0,0,0,57.7154598771,0,0,0,0,131.2250723857,0,0,0,0,475.4169971589,0,0,0,0
ag,2805039300,"""Miscellaneous Area Sources;Agriculture Production - Livestock;Swine production - operations with lagoons (unspecified animal age);Land application of manure""",24069.43242,,,,,72.3213232868,0,0,0,0,50.9275569195,0,0,0,0,11.2377145524,0,0,0,0,0.4007275893,0,0,0,0,2.1196107246,0,0,0,0,1.4140066043,0,0,0,0,6.2217069616,0,0,0,0,10.6721634614,0,0,0,0,46.6015576261,0,0,0,0
ag,2801700014,"""Miscellaneous Area Sources;Agriculture Production - Crops;Fertilizer Application;Monoammonium Phosphate""",5383.6893825,,,,,78.0619906583,0,0,0,0,57.162236812,0,0,0,0,9.6045696535,0,0,0,0,0.3026965017,0,0,0,0,2.6763799636,0,0,0,0,1.4961018679,0,0,0,0,6.8200058992,0,0,0,0,10.6079185964,0,0,0,0,52.0819729933,0,0,0,0
ag,2805019200,"""Miscellaneous Area Sources;Agriculture Production - Livestock;Dairy cattle - flush dairy;Manure handling and storage""",741.2427198,,,,,152.6926227282,0,0,0,0,106.3704775965,0,0,0,0,17.3247576876,0,0,0,0,1.3690066929,0,0,0,0,4.3789438762,0,0,0,0,3.2802759496,0,0,0,0,19.9691609802,0,0,0,0,22.5181289846,0,0,0,0,97.481438473,0,0,0,0
ag,2805008300,"""Miscellaneous Area Sources;Agriculture Production - Livestock;Poultry production - layers with wet manure management systems;Land application of manure""",8.011169298,,,,,14.4389485038,0,0,0,0,9.4813198177,0,0,0,0,2.9188138205,0,0,0,0,0.072323852,0,0,0,0,0.3400201653,0,0,0,0,0.2672997099,0,0,0,0,1.3591711245,0,0,0,0,2.3760116386,0,0,0,0,8.7694774986,0,0,0,0
ag,2801700001,"""Miscellaneous Area Sources;Agriculture Production - Crops;Fertilizer Application;Anhydrous Ammonia""",181090.5460485,,,,,1242.762796851,0,0,0,0,826.3175552362,0,0,0,0,142.9702305254,0,0,0,0,4.4002618642,0,0,0,0,56.987715078,0,0,0,0,26.3004960053,0,0,0,0,185.786538908,0,0,0,0,176.9933666786,0,0,0,0,812.0071291103,0,0,0,0
ag,2805009200,"""Miscellaneous Area Sources;Agriculture Production - Livestock;Poultry production - broilers;Manure handling and storage""",311.345892,,,,,174.8996792672,0,0,0,0,117.104587999,0,0,0,0,37.0795028661,0,0,0,0,0.9709787648,0,0,0,0,3.7372942534,0,0,0,0,3.1729056716,0,0,0,0,12.8344096917,0,0,0,0,29.1755046634,0,0,0,0,105.7325281884,0,0,0,0
ag,2801700012,"""Miscellaneous Area Sources;Agriculture Production - Crops;Fertilizer Application;Potassium Nitrate""",0.2377006137,,,,,0.2529374731,0,0,0,0,0.1693726651,0,0,0,0,0.0485539024,0,0,0,0,0.0015679474,0,0,0,0,0.0057011051,0,0,0,0,0.0046567087,0,0,0,0,0.0230851447,0,0,0,0,0.0406005846,0,0,0,0,0.1560217266,0,0,0,0
ag,2805040000,"""Miscellaneous Area Sources;Agriculture Production - Livestock;Sheep and Lambs Waste Emissions;Total""",1416.115785,,,,,88.6693573117,0,0,0,0,59.2344409359,0,0,0,0,10.5673732167,0,0,0,0,0.5031771584,0,0,0,0,3.7382712666,0,0,0,0,1.9275581624,0,0,0,0,12.6985366093,0,0,0,0,12.5076256001,0,0,0,0,57.9794115416,0,0,0,0
ag,2805045000,"""Miscellaneous Area Sources;Agriculture Production - Livestock;Goats Waste Emissions;Not Elsewhere Classified""",525.6955638,,,,,115.628368373,0,0,0,0,78.7753074162,0,0,0,0,17.3027374947,0,0,0,0,0.6888378419,0,0,0,0,3.3416065743,0,0,0,0,2.3799105502,0,0,0,0,13.1399685321,0,0,0,0,17.3575126208,0,0,0,0,73.3735009851,0,0,0,0
ag,2805039100,"""Miscellaneous Area Sources;Agriculture Production - Livestock;Swine production - operations with lagoons (unspecified animal age);Confinement""",1123.3671855,,,,,454.4739469128,0,0,0,0,316.2243598372,0,0,0,0,69.7896043083,0,0,0,0,2.50500105,0,0,0,0,13.9933213311,0,0,0,0,8.9569735811,0,0,0,0,43.0046872108,0,0,0,0,67.3771750167,0,0,0,0,292.1519846654,0,0,0,0
ag,2805003100,"""Miscellaneous Area Sources;Agriculture Production - Livestock;Beef cattle -  finishing operations on pasture/range;Confinement""",26703.89766,,,,,710.3129249017,0,0,0,0,494.4561946723,0,0,0,0,103.377231904,0,0,0,0,4.389318423,0,0,0,0,18.4972722769,0,0,0,0,14.2575552625,0,0,0,0,75.3353524811,0,0,0,0,108.3294444387,0,0,0,0,446.9037414868,0,0,0,0
ag,2801700006,"""Miscellaneous Area Sources;Agriculture Production - Crops;Fertilizer Application;Ammonium Sulfate""",4354.282069005,,,,,127.2105463875,0,0,0,0,89.0024981255,0,0,0,0,18.4839388314,0,0,0,0,0.5450026221,0,0,0,0,4.1214043864,0,0,0,0,2.4630623299,0,0,0,0,12.5946401344,0,0,0,0,18.3794384931,0,0,0,0,82.7601572023,0,0,0,0
ag,2805030007,"""Miscellaneous Area Sources;Agriculture Production - Livestock;Poultry Waste Emissions;Ducks""",77.11798248,,,,,34.1248490502,0,0,0,0,23.5239306262,0,0,0,0,5.1990964582,0,0,0,0,0.0747869668,0,0,0,0,1.4076453437,0,0,0,0,0.6654872234,0,0,0,0,3.2539024578,0,0,0,0,4.6773265981,0,0,0,0,23.0523525707,0,0,0,0
ag,2805023100,"""Miscellaneous Area Sources;Agriculture Production - Livestock;Dairy cattle - drylot/pasture dairy;Confinement""",2095.59735,,,,,190.9507403428,0,0,0,0,135.2477177546,0,0,0,0,26.102770826,0,0,0,0,0.7132741829,0,0,0,0,7.1835233113,0,0,0,0,3.7590218272,0,0,0,0,17.9444325699,0,0,0,0,25.794209465,0,0,0,0,128.0950477956,0,0,0,0
ag,2801700010,"""Miscellaneous Area Sources;Agriculture Production - Crops;Fertilizer Application;N-P-K (multi-grade nutrient fertilizers)""",470.242066305,,,,,165.7973061705,0,0,0,0,110.3135667207,0,0,0,0,26.5842672862,0,0,0,0,0.611808327,0,0,0,0,5.4000348621,0,0,0,0,3.1555361223,0,0,0,0,19.7320928349,0,0,0,0,24.4917977934,0,0,0,0,106.5798337751,0,0,0,0
ag,2805039200,"""Miscellaneous Area Sources;Agriculture Production - Livestock;Swine production - operations with lagoons (unspecified animal age);Manure handling and storage""",51252.32376,,,,,864.658554094,0,0,0,0,608.3080851046,0,0,0,0,134.9951653921,0,0,0,0,4.8972563624,0,0,0,0,25.1207872252,0,0,0,0,16.9594566088,0,0,0,0,74.3778041708,0,0,0,0,127.9469169864,0,0,0,0,556.3553914818,0,0,0,0
ag,2805001100,"""Miscellaneous Area Sources;Agriculture Production - Livestock;Beef cattle -  finishing operations on feedlots (drylots);Confinement""",3436.779654,,,,,171.0059598317,0,0,0,0,122.9204929176,0,0,0,0,21.2329102065,0,0,0,0,0.7896843797,0,0,0,0,5.4609641864,0,0,0,0,3.3572274362,0,0,0,0,17.2446807974,0,0,0,0,23.7896656334,0,0,0,0,112.4978870279,0,0,0,0
ag,2805009100,"""Miscellaneous Area Sources;Agriculture Production - Livestock;Poultry production - broilers;Confinement""",2.3949684,,,,,973.9528439128,0,0,0,0,649.533559348,0,0,0,0,204.8787684179,0,0,0,0,5.3959890871,0,0,0,0,21.5646968741,0,0,0,0,17.7698322602,0,0,0,0,74.8099978099,0,0,0,0,162.370531668,0,0,0,0,588.9258390251,0,0,0,0
ag,2805018000,"""Miscellaneous Area Sources;Agriculture Production - Livestock;Dairy cattle composite;Not Elsewhere Classified""",33.05056392,,,,,784.6681140999,0,0,0,0,557.6817150581,0,0,0,0,102.6204413358,0,0,0,0,3.2049045761,0,0,0,0,28.8906557836,0,0,0,0,15.4788463153,0,0,0,0,76.7915516213,0,0,0,0,106.2967879949,0,0,0,0,525.260993802,0,0,0,0
ag,2805021300,"""Miscellaneous Area Sources;Agriculture Production - Livestock;Dairy cattle - scrape dairy;Land application of manure""",5460.527952,,,,,423.702693939,0,0,0,0,299.5563387307,0,0,0,0,56.9236172856,0,0,0,0,1.413547958,0,0,0,0,16.8849949762,0,0,0,0,8.3541543245,0,0,0,0,40.5700409259,0,0,0,0,55.7374085676,0,0,0,0,287.5211677224,0,0,0,0
ag,2805019100,"""Miscellaneous Area Sources;Agriculture Production - Livestock;Dairy cattle - flush dairy;Confinement""",47.899368,,,,,55.0817605869,0,0,0,0,38.3419453297,0,0,0,0,6.2392374711,0,0,0,0,0.4953963498,0,0,0,0,1.5812933594,0,0,0,0,1.1855561281,0,0,0,0,7.2383319682,0,0,0,0,8.1263807369,0,0,0,0,35.1552690239,0,0,0,0
ag,2805019300,"""Miscellaneous Area Sources;Agriculture Production - Livestock;Dairy cattle - flush dairy;Land application of manure""",216.7446402,,,,,13.942135206,0,0,0,0,9.7277254649,0,0,0,0,1.586036022,0,0,0,0,0.1222942364,0,0,0,0,0.4041407628,0,0,0,0,0.2984699203,0,0,0,0,1.8034688049,0,0,0,0,2.0485129471,0,0,0,0,8.9200449909,0,0,0,0
ag,2805002000,"""Miscellaneous Area Sources;Agriculture Production - Livestock;Beef cattle production composite;Not Elsewhere Classified""",176030.1774,,,,,1643.1025129023,0,0,0,0,1183.7486094502,0,0,0,0,214.8604496829,0,0,0,0,8.0754198161,0,0,0,0,48.0806339708,0,0,0,0,32.515294763,0,0,0,0,155.8221061491,0,0,0,0,235.5493208315,0,0,0,0,1064.935113674,0,0,0,0
ag,2801700007,"""Miscellaneous Area Sources;Agriculture Production - Crops;Fertilizer Application;Ammonium Thiosulfate""",2.2761180932,,,,,4.6849392995,0,0,0,0,3.4470224085,0,0,0,0,0.5656634268,0,0,0,0,0.0206026979,0,0,0,0,0.147188376,0,0,0,0,0.0913779585,0,0,0,0,0.4130844343,0,0,0,0,0.6514116431,0,0,0,0,3.0859176427,0,0,0,0
ag,2805035000,"""Miscellaneous Area Sources;Agriculture Production - Livestock;Horses and Ponies Waste Emissions;Not Elsewhere Classified""",4275.018594,,,,,331.0138247196,0,0,0,0,226.152252209,0,0,0,0,48.3574835362,0,0,0,0,1.5390909752,0,0,0,0,11.8581648137,0,0,0,0,6.7509434599,0,0,0,0,36.3558898471,0,0,0,0,47.8740277448,0,0,0,0,214.9539903045,0,0,0,0
ag,2805007300,"""Miscellaneous Area Sources;Agriculture Production - Livestock;Poultry production - layers with dry manure management systems;Land application of manure""",639.4565628,,,,,22.4887748659,0,0,0,0,15.6371614125,0,0,0,0,3.406514269,0,0,0,0,0.063290476,0,0,0,0,0.8168237944,0,0,0,0,0.4376326911,0,0,0,0,2.1273522299,0,0,0,0,3.1295848539,0,0,0,0,14.9234771011,0,0,0,0
ag,2801700011,"""Miscellaneous Area Sources;Agriculture Production - Crops;Fertilizer Application;Calcium Ammonium Nitrate""",0.5321021043,,,,,0.3763470081,0,0,0,0,0.2640863604,0,0,0,0,0.0397973396,0,0,0,0,0.0047552004,0,0,0,0,0.01029989,0,0,0,0,0.0080102738,0,0,0,0,0.0493979439,0,0,0,0,0.0577444104,0,0,0,0,0.2366632117,0,0,0,0
ag,2801700002,"""Miscellaneous Area Sources;Agriculture Production - Crops;Fertilizer Application;Aqueous Ammonia""",12601.7975535,,,,,1.3829224897,0,0,0,0,1.0514521857,0,0,0,0,0.11146082,0,0,0,0,0.0175119727,0,0,0,0,0.0435806065,0,0,0,0,0.0322993947,0,0,0,0,0.1266175102,0,0,0,0,0.1922071685,0,0,0,0,0.9068135418,0,0,0,0
ag,2805010100,"""Miscellaneous Area Sources;Agriculture Production - Livestock;Poultry production - turkeys;Confinement""",1975.84893,,,,,291.0174062848,0,0,0,0,207.199671815,0,0,0,0,46.9004119193,0,0,0,0,1.3530774057,0,0,0,0,8.5139926284,0,0,0,0,5.8081064163,0,0,0,0,21.2421463207,0,0,0,0,41.7347482423,0,0,0,0,189.3565092337,0,0,0,0
ag,2801700099,"""Miscellaneous Area Sources;Agriculture Production - Crops;Fertilizer Application;Miscellaneous Fertilizers""",984.64952715,,,,,390.0615286543,0,0,0,0,276.0685367643,0,0,0,0,56.6629041854,0,0,0,0,1.4330898567,0,0,0,0,12.7236405684,0,0,0,0,7.5581494842,0,0,0,0,35.6152079465,0,0,0,0,55.2860945196,0,0,0,0,255.7535702543,0,0,0,0
ag,2805022100,"""Miscellaneous Area Sources;Agriculture Production - Livestock;Dairy cattle - deep pit dairy;Confinement""",173.998083,,,,,25.6318620267,0,0,0,0,18.3909940468,0,0,0,0,3.3363680193,0,0,0,0,0.0982963882,0,0,0,0,0.9660377296,0,0,0,0,0.5123537309,0,0,0,0,2.3278121327,0,0,0,0,3.4338610332,0,0,0,0,17.2632033958,0,0,0,0
ag,2805001300,"""Miscellaneous Area Sources;Agriculture Production - Livestock;Beef cattle -  finishing operations on feedlots (drylots);Land application of manure""",1544.754618,,,,,584.2859596754,0,0,0,0,289.185438324,0,0,0,0,43.7689952826,0,0,0,0,2.9211881603,0,0,0,0,45.6459021149,0,0,0,0,14.8942885923,0,0,0,0,187.8701472911,0,0,0,0,89.3169099845,0,0,0,0,366.7763501463,0,0,0,0
ag,2805022200,"""Miscellaneous Area Sources;Agriculture Production - Livestock;Dairy cattle - deep pit dairy;Manure handling and storage""",31.1345892,,,,,1.1969423559,0,0,0,0,0.8588215457,0,0,0,0,0.1558005552,0,0,0,0,0.0045903542,0,0,0,0,0.0451099766,0,0,0,0,0.0239257157,0,0,0,0,0.1086942093,0,0,0,0,0.1603525701,0,0,0,0,0.8061463746,0,0,0,0
ag,2801700004,"""Miscellaneous Area Sources;Agriculture Production - Crops;Fertilizer Application;Urea""",44907.35393595,,,,,1980.8660656604,0,0,0,0,1424.3418523457,0,0,0,0,283.6830067502,0,0,0,0,10.3007409383,0,0,0,0,59.2153188834,0,0,0,0,37.7410012443,0,0,0,0,165.584145788,0,0,0,0,290.0425029275,0,0,0,0,1279.480464053,0,0,0,0
ag,2805047300,"""Miscellaneous Area Sources;Agriculture Production - Livestock;Swine production - deep-pit house operations (unspecified animal age);Land application of manure""",273.0263976,,,,,336.6096436382,0,0,0,0,242.5338958149,0,0,0,0,43.7217907024,0,0,0,0,1.0619030491,0,0,0,0,12.215906679,0,0,0,0,6.4155594319,0,0,0,0,30.660588202,0,0,0,0,45.640699004,0,0,0,0,225.4902138345,0,0,0,0
ag,2805010300,"""Miscellaneous Area Sources;Agriculture Production - Livestock;Poultry production - turkeys;Land application of manure""",77.15608425,,,,,241.1692514159,0,0,0,0,170.7288314806,0,0,0,0,39.449051548,0,0,0,0,1.1785508711,0,0,0,0,7.1025048238,0,0,0,0,4.8302614379,0,0,0,0,17.8800514267,0,0,0,0,34.6244766976,0,0,0,0,156.8663629537,0,0,0,0
ag,2801700013,"""Miscellaneous Area Sources;Agriculture Production - Crops;Fertilizer Application;Diammonium Phosphate""",2251.270296,,,,,181.1372853462,0,0,0,0,131.0956533875,0,0,0,0,25.2699946768,0,0,0,0,0.5468730604,0,0,0,0,5.7399044926,0,0,0,0,3.4260224035,0,0,0,0,15.0588374517,0,0,0,0,25.7593968703,0,0,0,0,118.7384481765,0,0,0,0
ag,2805010200,"""Miscellaneous Area Sources;Agriculture Production - Livestock;Poultry production - turkeys;Manure handling and storage""",6.921458676,,,,,48.250509082,0,0,0,0,34.1559438528,0,0,0,0,7.8944886266,0,0,0,0,0.235835371,0,0,0,0,1.4207498358,0,0,0,0,0.9664048832,0,0,0,0,3.577086547,0,0,0,0,6.9277533986,0,0,0,0,31.3831673465,0,0,0,0
ag,2801700005,"""Miscellaneous Area Sources;Agriculture Production - Crops;Fertilizer Application;Ammonium Nitrate""",286.248618975,,,,,37.8138906221,0,0,0,0,26.6175840751,0,0,0,0,6.2795730955,0,0,0,0,0.1747345673,0,0,0,0,0.8322979978,0,0,0,0,0.7028237733,0,0,0,0,3.206877121,0,0,0,0,6.0610718647,0,0,0,0,23.256669524,0,0,0,0
ag,2805008100,"""Miscellaneous Area Sources;Agriculture Production - Livestock;Poultry production - layers with wet manure management systems;Confinement""",607.1244894,,,,,31.2269998437,0,0,0,0,20.5067015665,0,0,0,0,6.3489483952,0,0,0,0,0.1586033296,0,0,0,0,0.7276524369,0,0,0,0,0.5766438243,0,0,0,0,2.9084502614,0,0,0,0,5.1558591744,0,0,0,0,18.9314708731,0,0,0,0
ag,2805030008,"""Miscellaneous Area Sources;Agriculture Production - Livestock;Poultry Waste Emissions;Geese""",16.52528196,,,,,1.0286766668,0,0,0,0,0.7147151461,0,0,0,0,0.1477354167,0,0,0,0,0.004326837,0,0,0,0,0.0367966749,0,0,0,0,0.0202898309,0,0,0,0,0.1048127617,0,0,0,0,0.1441007409,0,0,0,0,0.6788517999,0,0,0,0
ag,2805008200,"""Miscellaneous Area Sources;Agriculture Production - Livestock;Poultry production - layers with wet manure management systems;Manure handling and storage""",11471.898636,,,,,85.6024005338,0,0,0,0,56.2073302156,0,0,0,0,17.3123401009,0,0,0,0,0.4292058362,0,0,0,0,2.013222557,0,0,0,0,1.5839309809,0,0,0,0,8.0563707619,0,0,0,0,14.0908785103,0,0,0,0,51.9819667534,0,0,0,0
ag,2805030000,"""Miscellaneous Area Sources;Agriculture Production - Livestock;Poultry Waste Emissions;Not Elsewhere Classified (see also 28-05-007""",8.62188624,,,,,253.1485766968,0,0,0,0,170.8590223945,0,0,0,0,40.043058537,0,0,0,0,0.9180501189,0,0,0,0,8.9042914032,0,0,0,0,4.9044933147,0,0,0,0,27.5196609885,0,0,0,0,37.722130859,0,0,0,0,162.5949677586,0,0,0,0
ag,2805023200,"""Miscellaneous Area Sources;Agriculture Production - Livestock;Dairy cattle - drylot/pasture dairy;Manure handling and storage""",22.0808829,,,,,3.8866828217,0,0,0,0,2.7378137282,0,0,0,0,0.5943325004,0,0,0,0,0.0133033991,0,0,0,0,0.1352183174,0,0,0,0,0.07474592,0,0,0,0,0.3312689593,0,0,0,0,0.5464620248,0,0,0,0,2.5640935077,0,0,0,0
ag,2805021100,"""Miscellaneous Area Sources;Agriculture Production - Livestock;Dairy cattle - scrape dairy;Confinement""",42989.68278,,,,,217.7973064387,0,0,0,0,154.8708294734,0,0,0,0,28.8874611488,0,0,0,0,0.7687749784,0,0,0,0,8.4727049689,0,0,0,0,4.3052072932,0,0,0,0,20.4923287267,0,0,0,0,28.8940681136,0,0,0,0,147.2820498834,0,0,0,0
ag,2805053100,"""Miscellaneous Area Sources;Agriculture Production - Livestock;Swine production - outdoor operations (unspecified animal age);Confinement""",4298.968278,,,,,6.6281075479,0,0,0,0,4.7536453668,0,0,0,0,0.8719284676,0,0,0,0,0.0256718829,0,0,0,0,0.2174804589,0,0,0,0,0.1289997031,0,0,0,0,0.6303816732,0,0,0,0,0.9253902348,0,0,0,0,4.3644958511,0,0,0,0
ag,2805023300,"""Miscellaneous Area Sources;Agriculture Production - Livestock;Dairy cattle - drylot/pasture dairy;Land application of manure""",3149.383446,,,,,241.7968321873,0,0,0,0,171.3853201867,0,0,0,0,32.4076780473,0,0,0,0,0.8988215299,0,0,0,0,9.2654393014,0,0,0,0,4.7716622616,0,0,0,0,23.0679110213,0,0,0,0,32.3520964561,0,0,0,0,162.8510724151,0,0,0,0
ag,2801700008,"""Miscellaneous Area Sources;Agriculture Production - Crops;Fertilizer Application;Other Straight Nitrogen""",34.2281807685,,,,,0.0497175282,0,0,0,0,0.0383295921,0,0,0,0,0.0031524321,0,0,0,0,0.0007951352,0,0,0,0,0.0015743223,0,0,0,0,0.0012725998,0,0,0,0,0.0045934468,0,0,0,0,0.0069921514,0,0,0,0,0.0324441239,0,0,0,0
ag,2801700003,"""Miscellaneous Area Sources;Agriculture Production - Crops;Fertilizer Application;Nitrogen Solutions""",5092.1019798,,,,,1822.1411935322,0,0,0,0,1295.7172510282,0,0,0,0,259.820266254,0,0,0,0,6.3710241807,0,0,0,0,59.1356758567,0,0,0,0,35.2652033432,0,0,0,0,165.831773897,0,0,0,0,259.0502074943,0,0,0,0,1194.4374836219,0,0,0,0
ag,2805007100,"""Miscellaneous Area Sources;Agriculture Production - Livestock;Poultry production - layers with dry manure management systems;Confinement""",33.40980918,,,,,1005.6801972725,0,0,0,0,697.0839677054,0,0,0,0,149.4808477944,0,0,0,0,2.9614054286,0,0,0,0,37.5607333393,0,0,0,0,19.5473035193,0,0,0,0,99.0459398285,0,0,0,0,140.1275423048,0,0,0,0,666.557905686,0,0,0,0
